INSERT INTO category_product(id,name,category_mum_id)VALUES(1,'Ebénistes - Menuisiers',null)
INSERT INTO category_product(id,name,category_mum_id)VALUES(2,'Cigarettes électroniques',null)
INSERT INTO category_product(id,name,category_mum_id)VALUES(3,'Animalerie',null)
INSERT INTO category_product(id,name,category_mum_id)VALUES(4,'Librairie, papeterie',null)
INSERT INTO category_product(id,name,category_mum_id)VALUES(5,'Informatique',null)
INSERT INTO category_product(id,name,category_mum_id)VALUES(6,'Téléphonie',null)
INSERT INTO category_product(id,name,category_mum_id)VALUES(7,'Fleuriste',null)
INSERT INTO category_product(id,name,category_mum_id)VALUES(8,'Instruments de musique',null)
INSERT INTO category_product(id,name,category_mum_id)VALUES(9,'Jeux, Jouets, Modélisme',null)
INSERT INTO category_product(id,name,category_mum_id)VALUES(10,'Maroquinerie',null)
INSERT INTO category_product(id,name,category_mum_id)VALUES(11,'Lingerie',null)
INSERT INTO category_product(id,name,category_mum_id)VALUES(12,'Mercerie',null)
INSERT INTO category_product(id,name,category_mum_id)VALUES(13,'Opticien',null)
INSERT INTO category_product(id,name,category_mum_id)VALUES(14,'Parfumerie',null)
INSERT INTO category_product(id,name,category_mum_id)VALUES(15,'Bijoutiers - horlogers',null)
INSERT INTO category_product(id,name,category_mum_id)VALUES(16,'Antiquités, Brocantes',null)
INSERT INTO category_product(id,name,category_mum_id)VALUES(17,'Chaussures',null)
INSERT INTO category_product(id,name,category_mum_id)VALUES(18,'Auto, motocycles',null)
INSERT INTO category_product(id,name,category_mum_id)VALUES(19,'Cordonniers, clé minute',null)
INSERT INTO category_product(id,name,category_mum_id)VALUES(20,'Parapharmacie',null)
INSERT INTO category_product(id,name,category_mum_id)VALUES(21,'Décoration, arts de la table, cadeaux',null)
INSERT INTO category_product(id,name,category_mum_id)VALUES(22,'Electroménager, TV, Son',null)
INSERT INTO category_product(id,name,category_mum_id)VALUES(23,'Prêt-à-porter',null)
INSERT INTO category_product(id,name,category_mum_id)VALUES(24,'Articles de sport',null)
INSERT INTO category_product(id,name,category_mum_id)VALUES(25,'Encadrement',null)
INSERT INTO category_product(id,name,category_mum_id)VALUES(26,'Fêtes et déguisements',null)
INSERT INTO category_product(id,name,category_mum_id)VALUES(27,'Ebeniste',1)
INSERT INTO category_product(id,name,category_mum_id)VALUES(28,'Charpentier',1)
INSERT INTO category_product(id,name,category_mum_id)VALUES(29,'Menuisier',1)
INSERT INTO category_product(id,name,category_mum_id)VALUES(30,'Cigarettes électroniques',2)
INSERT INTO category_product(id,name,category_mum_id)VALUES(31,'E-liquides',2)
INSERT INTO category_product(id,name,category_mum_id)VALUES(32,'Accessoires',2)
INSERT INTO category_product(id,name,category_mum_id)VALUES(33,'Animaux de la ferme',3)
INSERT INTO category_product(id,name,category_mum_id)VALUES(34,'Animaux sauvages',3)
INSERT INTO category_product(id,name,category_mum_id)VALUES(35,'Aquariophilie',3)
INSERT INTO category_product(id,name,category_mum_id)VALUES(36,'Chiens',3)
INSERT INTO category_product(id,name,category_mum_id)VALUES(37,'Chats',3)
INSERT INTO category_product(id,name,category_mum_id)VALUES(38,'Oiseaux',3)
INSERT INTO category_product(id,name,category_mum_id)VALUES(39,'Reptiles & Co',3)
INSERT INTO category_product(id,name,category_mum_id)VALUES(40,'Rongeurs & Co',3)
INSERT INTO category_product(id,name,category_mum_id)VALUES(41,'Accessoire',33)
INSERT INTO category_product(id,name,category_mum_id)VALUES(42,'Alimentation',33)
INSERT INTO category_product(id,name,category_mum_id)VALUES(43,'Hygiène & soins',33)
INSERT INTO category_product(id,name,category_mum_id)VALUES(44,'Accessoire',34)
INSERT INTO category_product(id,name,category_mum_id)VALUES(45,'Alimentation',34)
INSERT INTO category_product(id,name,category_mum_id)VALUES(46,'Hygiène & soins',34)
INSERT INTO category_product(id,name,category_mum_id)VALUES(47,'Accessoire',35)
INSERT INTO category_product(id,name,category_mum_id)VALUES(48,'Alimentation',35)
INSERT INTO category_product(id,name,category_mum_id)VALUES(49,'Hygiène & soins',35)
INSERT INTO category_product(id,name,category_mum_id)VALUES(50,'Accessoire',36)
INSERT INTO category_product(id,name,category_mum_id)VALUES(51,'Alimentation',36)
INSERT INTO category_product(id,name,category_mum_id)VALUES(52,'Hygiène & soins',36)
INSERT INTO category_product(id,name,category_mum_id)VALUES(53,'Accessoire',37)
INSERT INTO category_product(id,name,category_mum_id)VALUES(54,'Alimentation',37)
INSERT INTO category_product(id,name,category_mum_id)VALUES(55,'Hygiène & soins',37)
INSERT INTO category_product(id,name,category_mum_id)VALUES(56,'Accessoire',38)
INSERT INTO category_product(id,name,category_mum_id)VALUES(57,'Alimentation',38)
INSERT INTO category_product(id,name,category_mum_id)VALUES(58,'Hygiène & soins',38)
INSERT INTO category_product(id,name,category_mum_id)VALUES(59,'Accessoire',39)
INSERT INTO category_product(id,name,category_mum_id)VALUES(60,'Alimentation',39)
INSERT INTO category_product(id,name,category_mum_id)VALUES(61,'Hygiène & soins',39)
INSERT INTO category_product(id,name,category_mum_id)VALUES(62,'Accessoire',40)
INSERT INTO category_product(id,name,category_mum_id)VALUES(63,'Alimentation',40)
INSERT INTO category_product(id,name,category_mum_id)VALUES(64,'Hygiène & soins',40)
INSERT INTO category_product(id,name,category_mum_id)VALUES(65,'Librairie',4)
INSERT INTO category_product(id,name,category_mum_id)VALUES(66,'Papeterie',4)
INSERT INTO category_product(id,name,category_mum_id)VALUES(67,'Livres',65)
INSERT INTO category_product(id,name,category_mum_id)VALUES(68,'BD, Mangas',65)
INSERT INTO category_product(id,name,category_mum_id)VALUES(69,'Ecriture ',66)
INSERT INTO category_product(id,name,category_mum_id)VALUES(70,'Dessin/Peinture',66)
INSERT INTO category_product(id,name,category_mum_id)VALUES(71,'Cahier/Feuilles',66)
INSERT INTO category_product(id,name,category_mum_id)VALUES(72,'Petites fournitures',66)
INSERT INTO category_product(id,name,category_mum_id)VALUES(73,'Logiciels',5)
INSERT INTO category_product(id,name,category_mum_id)VALUES(74,'Ordinateurs',5)
INSERT INTO category_product(id,name,category_mum_id)VALUES(75,'Consoles de jeux',5)
INSERT INTO category_product(id,name,category_mum_id)VALUES(76,'Jeux vidéos',5)
INSERT INTO category_product(id,name,category_mum_id)VALUES(77,'Ordinateur de bureau',74)
INSERT INTO category_product(id,name,category_mum_id)VALUES(78,'Ordinateur portable',74)
INSERT INTO category_product(id,name,category_mum_id)VALUES(79,'Composants',74)
INSERT INTO category_product(id,name,category_mum_id)VALUES(80,'Accessoires',74)
INSERT INTO category_product(id,name,category_mum_id)VALUES(81,'Consoles de salon',75)
INSERT INTO category_product(id,name,category_mum_id)VALUES(82,'Consoles portables',75)
INSERT INTO category_product(id,name,category_mum_id)VALUES(83,'Accessoires',75)
INSERT INTO category_product(id,name,category_mum_id)VALUES(84,'Pour consoles de salon',76)
INSERT INTO category_product(id,name,category_mum_id)VALUES(85,'Pour consoles portables',76)
INSERT INTO category_product(id,name,category_mum_id)VALUES(86,'Pour ordinateur',76)
INSERT INTO category_product(id,name,category_mum_id)VALUES(87,'Jeux rétro',76)
INSERT INTO category_product(id,name,category_mum_id)VALUES(88,'Téléphones fixes',6)
INSERT INTO category_product(id,name,category_mum_id)VALUES(89,'Téléphones Mobiles',6)
INSERT INTO category_product(id,name,category_mum_id)VALUES(90,'Accessoires',6)
INSERT INTO category_product(id,name,category_mum_id)VALUES(91,'Bouquets de fleurs',7)
INSERT INTO category_product(id,name,category_mum_id)VALUES(92,'Plantes',7)
INSERT INTO category_product(id,name,category_mum_id)VALUES(93,'Instruments à corde',8)
INSERT INTO category_product(id,name,category_mum_id)VALUES(94,'Instruments à vent (cuivre)',8)
INSERT INTO category_product(id,name,category_mum_id)VALUES(95,'Instruments à vent (bois)',8)
INSERT INTO category_product(id,name,category_mum_id)VALUES(96,'Percussions',8)
INSERT INTO category_product(id,name,category_mum_id)VALUES(97,'Jeux de société',9)
INSERT INTO category_product(id,name,category_mum_id)VALUES(98,'Jouets',9)
INSERT INTO category_product(id,name,category_mum_id)VALUES(99,'Modélisme',9)
INSERT INTO category_product(id,name,category_mum_id)VALUES(100,'Sacs',10)
INSERT INTO category_product(id,name,category_mum_id)VALUES(101,'Porte-feuilles',10)
INSERT INTO category_product(id,name,category_mum_id)VALUES(102,'Divers',10)
INSERT INTO category_product(id,name,category_mum_id)VALUES(103,'Soutiens-gorges',11)
INSERT INTO category_product(id,name,category_mum_id)VALUES(104,'Culottes/strings',11)
INSERT INTO category_product(id,name,category_mum_id)VALUES(105,'Porte-jarretelles',11)
INSERT INTO category_product(id,name,category_mum_id)VALUES(106,'Lingerie sculptante',11)
INSERT INTO category_product(id,name,category_mum_id)VALUES(107,'Caracos/bodys/corsets',11)
INSERT INTO category_product(id,name,category_mum_id)VALUES(108,'Accessoires de mercerie',12)
INSERT INTO category_product(id,name,category_mum_id)VALUES(109,'Boutons',12)
INSERT INTO category_product(id,name,category_mum_id)VALUES(110,'Rubans',12)
INSERT INTO category_product(id,name,category_mum_id)VALUES(111,'Tissus et coupons',12)
INSERT INTO category_product(id,name,category_mum_id)VALUES(112,'Fils',12)
INSERT INTO category_product(id,name,category_mum_id)VALUES(113,'Tricots',12)
INSERT INTO category_product(id,name,category_mum_id)VALUES(114,'Lunettes de vue',13)
INSERT INTO category_product(id,name,category_mum_id)VALUES(115,'Lunettes de soleil',13)
INSERT INTO category_product(id,name,category_mum_id)VALUES(116,'Lentilles',13)
INSERT INTO category_product(id,name,category_mum_id)VALUES(117,'Parfum',14)
INSERT INTO category_product(id,name,category_mum_id)VALUES(118,'Maquillage',14)
INSERT INTO category_product(id,name,category_mum_id)VALUES(119,'Femme',117)
INSERT INTO category_product(id,name,category_mum_id)VALUES(120,'Homme',117)
INSERT INTO category_product(id,name,category_mum_id)VALUES(121,'Teint',118)
INSERT INTO category_product(id,name,category_mum_id)VALUES(122,'Yeux',118)
INSERT INTO category_product(id,name,category_mum_id)VALUES(123,'Lèvres',118)
INSERT INTO category_product(id,name,category_mum_id)VALUES(124,'Ongles',118)
INSERT INTO category_product(id,name,category_mum_id)VALUES(125,'Bijoutiers',15)
INSERT INTO category_product(id,name,category_mum_id)VALUES(126,'Horlogers',15)
INSERT INTO category_product(id,name,category_mum_id)VALUES(127,'Estimation & débarras',16)
INSERT INTO category_product(id,name,category_mum_id)VALUES(128,'Meubles & décoration',16)
INSERT INTO category_product(id,name,category_mum_id)VALUES(129,'Objet & bibelots',16)
INSERT INTO category_product(id,name,category_mum_id)VALUES(130,'Or, Argent, Fourrure',16)
INSERT INTO category_product(id,name,category_mum_id)VALUES(131,'Homme',17)
INSERT INTO category_product(id,name,category_mum_id)VALUES(132,'Femme',17)
INSERT INTO category_product(id,name,category_mum_id)VALUES(133,'Garçon',17)
INSERT INTO category_product(id,name,category_mum_id)VALUES(134,'Fille',17)
INSERT INTO category_product(id,name,category_mum_id)VALUES(135,'Bébé',17)
INSERT INTO category_product(id,name,category_mum_id)VALUES(136,'Automobiles',18)
INSERT INTO category_product(id,name,category_mum_id)VALUES(137,'Moto/Motocycles',18)
INSERT INTO category_product(id,name,category_mum_id)VALUES(138,'Cordonnerie',19)
INSERT INTO category_product(id,name,category_mum_id)VALUES(139,'Clés',19)
INSERT INTO category_product(id,name,category_mum_id)VALUES(140,'Gravure',19)
INSERT INTO category_product(id,name,category_mum_id)VALUES(141,'plaques d''immatriculation',19)
INSERT INTO category_product(id,name,category_mum_id)VALUES(142,'Tampons',19)
INSERT INTO category_product(id,name,category_mum_id)VALUES(143,'Porte-clés',19)
INSERT INTO category_product(id,name,category_mum_id)VALUES(144,'Chaussettes',19)
INSERT INTO category_product(id,name,category_mum_id)VALUES(145,'Télécommandes',19)
INSERT INTO category_product(id,name,category_mum_id)VALUES(146,'Cadenas',19)
INSERT INTO category_product(id,name,category_mum_id)VALUES(147,'Coques de clé',19)
INSERT INTO category_product(id,name,category_mum_id)VALUES(148,'Santé',20)
INSERT INTO category_product(id,name,category_mum_id)VALUES(149,'Beauté',20)
INSERT INTO category_product(id,name,category_mum_id)VALUES(150,'Grossesse/bébé',20)
INSERT INTO category_product(id,name,category_mum_id)VALUES(151,'Premier secours',148)
INSERT INTO category_product(id,name,category_mum_id)VALUES(152,'Douleur-maux',148)
INSERT INTO category_product(id,name,category_mum_id)VALUES(153,'Compléments santé',148)
INSERT INTO category_product(id,name,category_mum_id)VALUES(154,'Yeux/nez/oreilles',148)
INSERT INTO category_product(id,name,category_mum_id)VALUES(155,'Matériel médical',148)
INSERT INTO category_product(id,name,category_mum_id)VALUES(156,'Sexualité',148)
INSERT INTO category_product(id,name,category_mum_id)VALUES(157,'Vétérinaire',148)
INSERT INTO category_product(id,name,category_mum_id)VALUES(158,'Visage',149)
INSERT INTO category_product(id,name,category_mum_id)VALUES(159,'Corps',149)
INSERT INTO category_product(id,name,category_mum_id)VALUES(160,'Hygiène',149)
INSERT INTO category_product(id,name,category_mum_id)VALUES(161,'Minceur',149)
INSERT INTO category_product(id,name,category_mum_id)VALUES(162,'Hygiène bébé',150)
INSERT INTO category_product(id,name,category_mum_id)VALUES(163,'Couches - changes',150)
INSERT INTO category_product(id,name,category_mum_id)VALUES(164,'Biberons - Accessoires',150)
INSERT INTO category_product(id,name,category_mum_id)VALUES(165,'Alimentation bébé',150)
INSERT INTO category_product(id,name,category_mum_id)VALUES(166,'Futures maman',150)
INSERT INTO category_product(id,name,category_mum_id)VALUES(167,'Décorations vitrine',21)
INSERT INTO category_product(id,name,category_mum_id)VALUES(168,'Arts de la table',21)
INSERT INTO category_product(id,name,category_mum_id)VALUES(169,'Cadeaux',21)
INSERT INTO category_product(id,name,category_mum_id)VALUES(170,'Electroménager',22)
INSERT INTO category_product(id,name,category_mum_id)VALUES(171,'TV',22)
INSERT INTO category_product(id,name,category_mum_id)VALUES(172,'Son',22)
INSERT INTO category_product(id,name,category_mum_id)VALUES(173,'Photo',22)
INSERT INTO category_product(id,name,category_mum_id)VALUES(174,'Lavage - séchage',170)
INSERT INTO category_product(id,name,category_mum_id)VALUES(175,'Froid',170)
INSERT INTO category_product(id,name,category_mum_id)VALUES(176,'Cuisson',170)
INSERT INTO category_product(id,name,category_mum_id)VALUES(177,'Arts culinaires',170)
INSERT INTO category_product(id,name,category_mum_id)VALUES(178,'Entretien de la maison',170)
INSERT INTO category_product(id,name,category_mum_id)VALUES(179,'Beauté - Hygiène',170)
INSERT INTO category_product(id,name,category_mum_id)VALUES(180,'Téléviseur',171)
INSERT INTO category_product(id,name,category_mum_id)VALUES(181,'Home cinema',171)
INSERT INTO category_product(id,name,category_mum_id)VALUES(182,'Vidéoprojecteur',171)
INSERT INTO category_product(id,name,category_mum_id)VALUES(183,'Récepteur - Décodeur',171)
INSERT INTO category_product(id,name,category_mum_id)VALUES(184,'Lecteur - Enregistreur',171)
INSERT INTO category_product(id,name,category_mum_id)VALUES(185,'Meuble / Support TV',171)
INSERT INTO category_product(id,name,category_mum_id)VALUES(186,'Casque audio',172)
INSERT INTO category_product(id,name,category_mum_id)VALUES(187,'Enceinte bluetooth - MP3 - MP4',172)
INSERT INTO category_product(id,name,category_mum_id)VALUES(188,'Radio - Reveil - Dictaphone',172)
INSERT INTO category_product(id,name,category_mum_id)VALUES(189,'Hifi de salon',172)
INSERT INTO category_product(id,name,category_mum_id)VALUES(190,'Platine / Disques / Vinyles',172)
INSERT INTO category_product(id,name,category_mum_id)VALUES(191,'Appareil photo',173)
INSERT INTO category_product(id,name,category_mum_id)VALUES(192,'Objectif - Flash',173)
INSERT INTO category_product(id,name,category_mum_id)VALUES(193,'Studio photo',173)
INSERT INTO category_product(id,name,category_mum_id)VALUES(194,'Camera Sport',173)
INSERT INTO category_product(id,name,category_mum_id)VALUES(195,'Camescope',173)
INSERT INTO category_product(id,name,category_mum_id)VALUES(196,'Observation - Espionnage',173)
INSERT INTO category_product(id,name,category_mum_id)VALUES(197,'Cadre photo numérique',173)
INSERT INTO category_product(id,name,category_mum_id)VALUES(198,'Enfant',23)
INSERT INTO category_product(id,name,category_mum_id)VALUES(199,'Femme',23)
INSERT INTO category_product(id,name,category_mum_id)VALUES(200,'Homme',23)
INSERT INTO category_product(id,name,category_mum_id)VALUES(201,'Pulls / gilets',198)
INSERT INTO category_product(id,name,category_mum_id)VALUES(202,'Vestes / Manteaux',198)
INSERT INTO category_product(id,name,category_mum_id)VALUES(203,'T-shirts / débardeurs',198)
INSERT INTO category_product(id,name,category_mum_id)VALUES(204,'Robes',198)
INSERT INTO category_product(id,name,category_mum_id)VALUES(205,'Jupes',198)
INSERT INTO category_product(id,name,category_mum_id)VALUES(206,'Jeans / Pantalons / Shorts / Leggings',198)
INSERT INTO category_product(id,name,category_mum_id)VALUES(207,'Chaussettes/collants',198)
INSERT INTO category_product(id,name,category_mum_id)VALUES(208,'Sous-vêtements/pyjamas',198)
INSERT INTO category_product(id,name,category_mum_id)VALUES(209,'Sports',198)
INSERT INTO category_product(id,name,category_mum_id)VALUES(210,'Maillots de bain / Peignoirs',198)
INSERT INTO category_product(id,name,category_mum_id)VALUES(211,'T-shirts / Tops',199)
INSERT INTO category_product(id,name,category_mum_id)VALUES(212,'Chemisiers / Tuniques',199)
INSERT INTO category_product(id,name,category_mum_id)VALUES(213,'Pulls / gilets',199)
INSERT INTO category_product(id,name,category_mum_id)VALUES(214,'Vestes',199)
INSERT INTO category_product(id,name,category_mum_id)VALUES(215,'Manteaux',199)
INSERT INTO category_product(id,name,category_mum_id)VALUES(216,'Robes',199)
INSERT INTO category_product(id,name,category_mum_id)VALUES(217,'Jupes',199)
INSERT INTO category_product(id,name,category_mum_id)VALUES(218,'Jeans / Pantalons / Shorts / Leggings',199)
INSERT INTO category_product(id,name,category_mum_id)VALUES(219,'Chaussettes / collants',199)
INSERT INTO category_product(id,name,category_mum_id)VALUES(220,'Pyjamas /Nuisettes',199)
INSERT INTO category_product(id,name,category_mum_id)VALUES(221,'Sports',199)
INSERT INTO category_product(id,name,category_mum_id)VALUES(222,'Maillots de bain / Peignoirs',199)
INSERT INTO category_product(id,name,category_mum_id)VALUES(223,'T-shirts / Polos',200)
INSERT INTO category_product(id,name,category_mum_id)VALUES(224,'Chemises',200)
INSERT INTO category_product(id,name,category_mum_id)VALUES(225,'Pulls / gilets',200)
INSERT INTO category_product(id,name,category_mum_id)VALUES(226,'Vestes',200)
INSERT INTO category_product(id,name,category_mum_id)VALUES(227,'Manteaux',200)
INSERT INTO category_product(id,name,category_mum_id)VALUES(228,'Jeans / Pantalons / Shorts',200)
INSERT INTO category_product(id,name,category_mum_id)VALUES(229,'Costumes / Cravates',200)
INSERT INTO category_product(id,name,category_mum_id)VALUES(230,'Sous-vêtements/pyjamas',200)
INSERT INTO category_product(id,name,category_mum_id)VALUES(231,'Sports',200)
INSERT INTO category_product(id,name,category_mum_id)VALUES(232,'Maillots de bain / Peignoirs',200)

INSERT INTO sales_unit(id,name)VALUES(1,'Unité')
INSERT INTO sales_unit(id,name)VALUES(2,'Gr')
INSERT INTO sales_unit(id,name)VALUES(3,'Kg')
INSERT INTO sales_unit(id,name)VALUES(4,'Cl')
INSERT INTO sales_unit(id,name)VALUES(5,'L')

INSERT INTO reference_product(id,name,date_referencing,date_derefencing,sales_unit_id,category_produit_id)VALUES(1,'Jean Levi''s 501',SYSDATE(),null,1,218)
INSERT INTO reference_product(id,name,date_referencing,date_derefencing,sales_unit_id,category_produit_id)VALUES(2,'Chaussettes noires en fil d''Ecosse',SYSDATE(),null,1,219)
INSERT INTO reference_product(id,name,date_referencing,date_derefencing,sales_unit_id,category_produit_id)VALUES(3,'Pyjama rayés homme taille 42',SYSDATE(),null,1,220)
INSERT INTO reference_product(id,name,date_referencing,date_derefencing,sales_unit_id,category_produit_id)VALUES(4,'T-shirt sports Nike taille L',SYSDATE(),null,1,221)
INSERT INTO reference_product(id,name,date_referencing,date_derefencing,sales_unit_id,category_produit_id)VALUES(5,'Maillot de bain isotherme',SYSDATE(),null,1,222)
INSERT INTO reference_product(id,name,date_referencing,date_derefencing,sales_unit_id,category_produit_id)VALUES(6,'Polo Lacoste Bleu pervenche',SYSDATE(),null,1,223)
INSERT INTO reference_product(id,name,date_referencing,date_derefencing,sales_unit_id,category_produit_id)VALUES(7,'Chemise hawaïenne rétro taille 50',SYSDATE(),null,1,224)
INSERT INTO reference_product(id,name,date_referencing,date_derefencing,sales_unit_id,category_produit_id)VALUES(8,'Pull en cachemire',SYSDATE(),null,1,225)
INSERT INTO reference_product(id,name,date_referencing,date_derefencing,sales_unit_id,category_produit_id)VALUES(9,'Veste en cuir taille M',SYSDATE(),null,1,226)
INSERT INTO reference_product(id,name,date_referencing,date_derefencing,sales_unit_id,category_produit_id)VALUES(10,'Manteau en vison',SYSDATE(),null,1,227)
INSERT INTO reference_product(id,name,date_referencing,date_derefencing,sales_unit_id,category_produit_id)VALUES(11,'Pantalon taille haute marron',SYSDATE(),null,1,228)
INSERT INTO reference_product(id,name,date_referencing,date_derefencing,sales_unit_id,category_produit_id)VALUES(12,'Cravate rayée rouge et blanc',SYSDATE(),null,1,229)
INSERT INTO reference_product(id,name,date_referencing,date_derefencing,sales_unit_id,category_produit_id)VALUES(13,'Caleçon en soie rouge',SYSDATE(),null,1,230)
INSERT INTO reference_product(id,name,date_referencing,date_derefencing,sales_unit_id,category_produit_id)VALUES(14,'Bandeau de sport absorbant',SYSDATE(),null,1,231)
INSERT INTO reference_product(id,name,date_referencing,date_derefencing,sales_unit_id,category_produit_id)VALUES(15,'Piano à queue',SYSDATE(),null,1,9)
INSERT INTO reference_product(id,name,date_referencing,date_derefencing,sales_unit_id,category_produit_id)VALUES(16,'Piano droit ',SYSDATE(),null,1,9)
INSERT INTO reference_product(id,name,date_referencing,date_derefencing,sales_unit_id,category_produit_id)VALUES(17,'Caisse claire ',SYSDATE(),null,1,9)
INSERT INTO reference_product(id,name,date_referencing,date_derefencing,sales_unit_id,category_produit_id)VALUES(18,'Contrebasse ',SYSDATE(),null,1,9)
INSERT INTO reference_product(id,name,date_referencing,date_derefencing,sales_unit_id,category_produit_id)VALUES(19,'Flûtete traversière ',SYSDATE(),null,1,9)
INSERT INTO reference_product(id,name,date_referencing,date_derefencing,sales_unit_id,category_produit_id)VALUES(20,'Guitare ',SYSDATE(),null,1,9)
INSERT INTO reference_product(id,name,date_referencing,date_derefencing,sales_unit_id,category_produit_id)VALUES(21,'Guitare électrique ',SYSDATE(),null,1,9)
INSERT INTO reference_product(id,name,date_referencing,date_derefencing,sales_unit_id,category_produit_id)VALUES(22,'Saxophone ',SYSDATE(),null,1,9)
INSERT INTO reference_product(id,name,date_referencing,date_derefencing,sales_unit_id,category_produit_id)VALUES(23,'Camion',SYSDATE(),null,1,10)
INSERT INTO reference_product(id,name,date_referencing,date_derefencing,sales_unit_id,category_produit_id)VALUES(24,'Horloge ',SYSDATE(),null,1,10)
INSERT INTO reference_product(id,name,date_referencing,date_derefencing,sales_unit_id,category_produit_id)VALUES(25,'Jeux de quille ',SYSDATE(),null,1,10)
INSERT INTO reference_product(id,name,date_referencing,date_derefencing,sales_unit_id,category_produit_id)VALUES(26,'Malette de jeux ',SYSDATE(),null,1,10)
INSERT INTO reference_product(id,name,date_referencing,date_derefencing,sales_unit_id,category_produit_id)VALUES(27,'Puzzle ',SYSDATE(),null,1,10)
INSERT INTO reference_product(id,name,date_referencing,date_derefencing,sales_unit_id,category_produit_id)VALUES(28,'Tablette ',SYSDATE(),null,1,10)
INSERT INTO reference_product(id,name,date_referencing,date_derefencing,sales_unit_id,category_produit_id)VALUES(29,'Sac argent',SYSDATE(),null,1,100)
INSERT INTO reference_product(id,name,date_referencing,date_derefencing,sales_unit_id,category_produit_id)VALUES(30,'Sac bleu ',SYSDATE(),null,1,100)
INSERT INTO reference_product(id,name,date_referencing,date_derefencing,sales_unit_id,category_produit_id)VALUES(31,'Sac France ',SYSDATE(),null,1,100)
INSERT INTO reference_product(id,name,date_referencing,date_derefencing,sales_unit_id,category_produit_id)VALUES(32,'Sac Happy ',SYSDATE(),null,1,100)
INSERT INTO reference_product(id,name,date_referencing,date_derefencing,sales_unit_id,category_produit_id)VALUES(33,'Sac marron ',SYSDATE(),null,1,100)
INSERT INTO reference_product(id,name,date_referencing,date_derefencing,sales_unit_id,category_produit_id)VALUES(34,'Sac rouge ',SYSDATE(),null,1,100)
INSERT INTO reference_product(id,name,date_referencing,date_derefencing,sales_unit_id,category_produit_id)VALUES(35,'Sac vert ',SYSDATE(),null,1,100)
INSERT INTO reference_product(id,name,date_referencing,date_derefencing,sales_unit_id,category_produit_id)VALUES(36,'Bleu de Chanel',SYSDATE(),null,1,117)
INSERT INTO reference_product(id,name,date_referencing,date_derefencing,sales_unit_id,category_produit_id)VALUES(37,'Trésor de Lancôme',SYSDATE(),null,1,117)
INSERT INTO reference_product(id,name,date_referencing,date_derefencing,sales_unit_id,category_produit_id)VALUES(38,'J''adore de Dior',SYSDATE(),null,1,117)
INSERT INTO reference_product(id,name,date_referencing,date_derefencing,sales_unit_id,category_produit_id)VALUES(39,'Eau sauvage de Dior',SYSDATE(),null,1,117)
INSERT INTO reference_product(id,name,date_referencing,date_derefencing,sales_unit_id,category_produit_id)VALUES(40,'Terre d''Hermes ',SYSDATE(),null,1,117)
INSERT INTO reference_product(id,name,date_referencing,date_derefencing,sales_unit_id,category_produit_id)VALUES(41,'Joy de Dior',SYSDATE(),null,1,117)
INSERT INTO reference_product(id,name,date_referencing,date_derefencing,sales_unit_id,category_produit_id)VALUES(42,'La vie est belle de Lancôme',SYSDATE(),null,1,117)
INSERT INTO reference_product(id,name,date_referencing,date_derefencing,sales_unit_id,category_produit_id)VALUES(43,'Fille de l''air',SYSDATE(),null,1,92)
INSERT INTO reference_product(id,name,date_referencing,date_derefencing,sales_unit_id,category_produit_id)VALUES(44,'Fleur de lune',SYSDATE(),null,1,92)
INSERT INTO reference_product(id,name,date_referencing,date_derefencing,sales_unit_id,category_produit_id)VALUES(45,'Gerbera',SYSDATE(),null,1,92)
INSERT INTO reference_product(id,name,date_referencing,date_derefencing,sales_unit_id,category_produit_id)VALUES(46,'Guzmania',SYSDATE(),null,1,92)
INSERT INTO reference_product(id,name,date_referencing,date_derefencing,sales_unit_id,category_produit_id)VALUES(47,'Hortensia',SYSDATE(),null,1,92)
INSERT INTO reference_product(id,name,date_referencing,date_derefencing,sales_unit_id,category_produit_id)VALUES(48,'Orchidée',SYSDATE(),null,1,92)
INSERT INTO reference_product(id,name,date_referencing,date_derefencing,sales_unit_id,category_produit_id)VALUES(49,'Rose de Chine',SYSDATE(),null,1,92)
INSERT INTO reference_product(id,name,date_referencing,date_derefencing,sales_unit_id,category_produit_id)VALUES(50,'Rose miniature',SYSDATE(),null,1,92)

INSERT INTO company_type(id,name)VALUES(1,'EURL Entreprise individuelle ou unipersonnelle à responsabilité limitée')
INSERT INTO company_type(id,name)VALUES(2,'SARL : Société à Responsabilité Limitée')
INSERT INTO company_type(id,name)VALUES(3,'SNC : Société en Nom Collectif')
INSERT INTO company_type(id,name)VALUES(4,'SA : Société Anonyme')
INSERT INTO company_type(id,name)VALUES(5,'SCS : Société en Commandité Simple')
INSERT INTO company_type(id,name)VALUES(6,'SCA : Société en Commandite par Action')
INSERT INTO company_type(id,name)VALUES(7,'GIE : Groupement d’Intérêt Economique')
INSERT INTO company_type(id,name)VALUES(8,'Société d’exercice libéral à responsabilité limitée (SELARL)')
INSERT INTO company_type(id,name)VALUES(9,'Société par actions simplifiée (SAS)')
INSERT INTO company_type(id,name)VALUES(10,'Société par actions simplifiée unipersonnelle (SASU)')
INSERT INTO company_type(id,name)VALUES(11,'Société civile professionnelle (SCP)')
INSERT INTO company_type(id,name)VALUES(12,'Auto entrepreneur')
INSERT INTO company_type(id,name)VALUES(13,'Micro entreprise')

INSERT INTO core_user(id,first_name,last_name,email,phone_number,user_type)VALUES(1,'Larry ','Bambelle ','larry.bambelle@mailo.com','0102030405','client')
INSERT INTO core_user(id,first_name,last_name,email,phone_number,user_type)VALUES(2,'Jerry ','Kan','jerry.kan@mailo.com','0102313106','client')
INSERT INTO core_user(id,first_name,last_name,email,phone_number,user_type)VALUES(3,'Al ','Kollyck','al.k@gmail.com','0532330407','client')
INSERT INTO core_user(id,first_name,last_name,email,phone_number,user_type)VALUES(4,'Martin ','Gale','martin.gale@mailo.com','0649312312','shopkeeper')
INSERT INTO core_user(id,first_name,last_name,email,phone_number,user_type)VALUES(5,'Alain ','Proviste','a.pro@gmail.com','0645633232','shopkeeper')
INSERT INTO core_user(id,first_name,last_name,email,phone_number,user_type)VALUES(6,'Sam ','Exite','s.exite@gmail.com','0698756545','shopkeeper')
INSERT INTO core_user(id,first_name,last_name,email,phone_number,user_type)VALUES(7,'Simon ','Strueux','s.strueux@gmail.com','0698765232','shopkeeper')
INSERT INTO core_user(id,first_name,last_name,email,phone_number,user_type)VALUES(8,'Vic ','Tim','v.tim@gmail.com','0649312316','shopkeeper')
INSERT INTO core_user(id,first_name,last_name,email,phone_number,user_type)VALUES(9,'Alain ','Thérieur','a.therieur@gmail.com','0641243237','shopkeeper')


INSERT INTO authentication(id_user,login,password)VALUES(1,'root1','root')
INSERT INTO authentication(id_user,login,password)VALUES(2,'root2','root')
INSERT INTO authentication(id_user,login,password)VALUES(3,'root3','root')
INSERT INTO authentication(id_user,login,password)VALUES(4,'root4','root')
INSERT INTO authentication(id_user,login,password)VALUES(5,'root5','root')
INSERT INTO authentication(id_user,login,password)VALUES(6,'root6','root')
INSERT INTO authentication(id_user,login,password)VALUES(7,'root7','root')
INSERT INTO authentication(id_user,login,password)VALUES(8,'root8','root')
INSERT INTO authentication(id_user,login,password)VALUES(9,'root9','root')

INSERT INTO user_registration(id,registration_date,deregistration_date,deregistration_motive,user_id)VALUES(1,sysdate(),null,null,1)
INSERT INTO user_registration(id,registration_date,deregistration_date,deregistration_motive,user_id)VALUES(2,sysdate(),null,null,2)
INSERT INTO user_registration(id,registration_date,deregistration_date,deregistration_motive,user_id)VALUES(3,sysdate(),sysdate(),'SATISFACTION',3)
INSERT INTO user_registration(id,registration_date,deregistration_date,deregistration_motive,user_id)VALUES(4,sysdate(),null,null,4)
INSERT INTO user_registration(id,registration_date,deregistration_date,deregistration_motive,user_id)VALUES(5,sysdate(),null,null,5)
INSERT INTO user_registration(id,registration_date,deregistration_date,deregistration_motive,user_id)VALUES(6,sysdate(),null,null,6)
INSERT INTO user_registration(id,registration_date,deregistration_date,deregistration_motive,user_id)VALUES(7,sysdate(),null,null,7)
INSERT INTO user_registration(id,registration_date,deregistration_date,deregistration_motive,user_id)VALUES(8,sysdate(),null,null,8)
INSERT INTO user_registration(id,registration_date,deregistration_date,deregistration_motive,user_id)VALUES(9,sysdate(),null,null,9)
INSERT INTO user_registration(id,registration_date,deregistration_date,deregistration_motive,user_id)VALUES(10,sysdate(),null,null,3)

INSERT INTO city(id,postal_code,name)VALUES(1,'75001','Paris')
INSERT INTO city(id,postal_code,name)VALUES(2,'75002','Paris')
INSERT INTO city(id,postal_code,name)VALUES(3,'75003','Paris')
INSERT INTO city(id,postal_code,name)VALUES(4,'75004','Paris')
INSERT INTO city(id,postal_code,name)VALUES(5,'75005','Paris')
INSERT INTO city(id,postal_code,name)VALUES(6,'75006','Paris')
INSERT INTO city(id,postal_code,name)VALUES(7,'75007','Paris')
INSERT INTO city(id,postal_code,name)VALUES(8,'75008','Paris')
INSERT INTO city(id,postal_code,name)VALUES(9,'75009','Paris')
INSERT INTO city(id,postal_code,name)VALUES(10,'75010','Paris')
INSERT INTO city(id,postal_code,name)VALUES(11,'75011','Paris')
INSERT INTO city(id,postal_code,name)VALUES(12,'75012','Paris')
INSERT INTO city(id,postal_code,name)VALUES(13,'75013','Paris')
INSERT INTO city(id,postal_code,name)VALUES(14,'75014','Paris')
INSERT INTO city(id,postal_code,name)VALUES(15,'75015','Paris')
INSERT INTO city(id,postal_code,name)VALUES(16,'75016','Paris')
INSERT INTO city(id,postal_code,name)VALUES(17,'75017','Paris')
INSERT INTO city(id,postal_code,name)VALUES(18,'75018','Paris')
INSERT INTO city(id,postal_code,name)VALUES(19,'75019','Paris')
INSERT INTO city(id,postal_code,name)VALUES(20,'75020','Paris')

INSERT INTO address_type(id,name)VALUES(1,'ANCIEN CHEMIN')
INSERT INTO address_type(id,name)VALUES(2,'AERODROME')
INSERT INTO address_type(id,name)VALUES(3,'AEROGARE')
INSERT INTO address_type(id,name)VALUES(4,'AGGLOMERATION')
INSERT INTO address_type(id,name)VALUES(5,'AIRE')
INSERT INTO address_type(id,name)VALUES(6,'ALLEE')
INSERT INTO address_type(id,name)VALUES(7,'ANGLE')
INSERT INTO address_type(id,name)VALUES(8,'ARCADE')
INSERT INTO address_type(id,name)VALUES(9,'ANCIENNE ROUTE')
INSERT INTO address_type(id,name)VALUES(10,'AUTOROUTE')
INSERT INTO address_type(id,name)VALUES(11,'AVENUE')
INSERT INTO address_type(id,name)VALUES(12,'BASE')
INSERT INTO address_type(id,name)VALUES(13,'BOULEVARD')
INSERT INTO address_type(id,name)VALUES(14,'BERGE')
INSERT INTO address_type(id,name)VALUES(15,'BORD')
INSERT INTO address_type(id,name)VALUES(16,'BARRIERE')
INSERT INTO address_type(id,name)VALUES(17,'BOURG')
INSERT INTO address_type(id,name)VALUES(18,'BRETELLE')
INSERT INTO address_type(id,name)VALUES(19,'BASSIN')
INSERT INTO address_type(id,name)VALUES(20,'CARRIERA')
INSERT INTO address_type(id,name)VALUES(21,'CALLE, CALLADA')
INSERT INTO address_type(id,name)VALUES(22,'CAMIN')
INSERT INTO address_type(id,name)VALUES(23,'CAMP')
INSERT INTO address_type(id,name)VALUES(24,'CANAL')
INSERT INTO address_type(id,name)VALUES(25,'CARREFOUR')
INSERT INTO address_type(id,name)VALUES(26,'CARRIERE')
INSERT INTO address_type(id,name)VALUES(27,'CASERNE')
INSERT INTO address_type(id,name)VALUES(28,'CHEMIN COMMUNAL')
INSERT INTO address_type(id,name)VALUES(29,'CHEMIN')
INSERT INTO address_type(id,name)VALUES(30,'DEPARTEMENTAL')
INSERT INTO address_type(id,name)VALUES(31,'CHEMIN FORESTIER')
INSERT INTO address_type(id,name)VALUES(32,'CHASSE')
INSERT INTO address_type(id,name)VALUES(33,'CHEMIN')
INSERT INTO address_type(id,name)VALUES(34,'CHEMINEMENT')
INSERT INTO address_type(id,name)VALUES(35,'CHALET')
INSERT INTO address_type(id,name)VALUES(36,'CHAMP')
INSERT INTO address_type(id,name)VALUES(37,'CHAUSSEE')
INSERT INTO address_type(id,name)VALUES(38,'CHATEAU')
INSERT INTO address_type(id,name)VALUES(39,'CHEMIN VICINAL')
INSERT INTO address_type(id,name)VALUES(40,'CITE')
INSERT INTO address_type(id,name)VALUES(41,'COURSIVE')
INSERT INTO address_type(id,name)VALUES(42,'CLOS')
INSERT INTO address_type(id,name)VALUES(43,'COULOIR')
INSERT INTO address_type(id,name)VALUES(44,'COIN')
INSERT INTO address_type(id,name)VALUES(45,'COL')
INSERT INTO address_type(id,name)VALUES(46,'CORNICHE')
INSERT INTO address_type(id,name)VALUES(47,'CORON')
INSERT INTO address_type(id,name)VALUES(48,'COTE')
INSERT INTO address_type(id,name)VALUES(49,'COUR')
INSERT INTO address_type(id,name)VALUES(50,'CAMPING')
INSERT INTO address_type(id,name)VALUES(51,'CHEMIN RURAL')
INSERT INTO address_type(id,name)VALUES(52,'COURS')
INSERT INTO address_type(id,name)VALUES(53,'CROIX')
INSERT INTO address_type(id,name)VALUES(54,'CONTOUR')
INSERT INTO address_type(id,name)VALUES(55,'CENTRE')
INSERT INTO address_type(id,name)VALUES(56,'DARSE, DARCE')
INSERT INTO address_type(id,name)VALUES(57,'DEVIATION')
INSERT INTO address_type(id,name)VALUES(58,'DIGUE')
INSERT INTO address_type(id,name)VALUES(59,'DOMAINE')
INSERT INTO address_type(id,name)VALUES(60,'DRAILLE')
INSERT INTO address_type(id,name)VALUES(61,'DESCENTE')
INSERT INTO address_type(id,name)VALUES(62,'ECART')
INSERT INTO address_type(id,name)VALUES(63,'ECLUSE')
INSERT INTO address_type(id,name)VALUES(64,'EMBRANCHEMENT')
INSERT INTO address_type(id,name)VALUES(65,'EMPLACEMENT')
INSERT INTO address_type(id,name)VALUES(66,'ENCLOS')
INSERT INTO address_type(id,name)VALUES(67,'ENCLAVE')
INSERT INTO address_type(id,name)VALUES(68,'ESCALIER')
INSERT INTO address_type(id,name)VALUES(69,'ESPLANADE')
INSERT INTO address_type(id,name)VALUES(70,'ESPACE')
INSERT INTO address_type(id,name)VALUES(71,'ETANG')
INSERT INTO address_type(id,name)VALUES(72,'FOND')
INSERT INTO address_type(id,name)VALUES(73,'FAUBOURG')
INSERT INTO address_type(id,name)VALUES(74,'FONTAINE')
INSERT INTO address_type(id,name)VALUES(75,'FORET')
INSERT INTO address_type(id,name)VALUES(76,'FORT')
INSERT INTO address_type(id,name)VALUES(77,'FOSSE')
INSERT INTO address_type(id,name)VALUES(78,'FERME')
INSERT INTO address_type(id,name)VALUES(79,'GALERIE')
INSERT INTO address_type(id,name)VALUES(80,'GARE')
INSERT INTO address_type(id,name)VALUES(81,'GRAND BOULEVARD')
INSERT INTO address_type(id,name)VALUES(82,'GRANDE PLACE')
INSERT INTO address_type(id,name)VALUES(83,'GRANDE RUE')
INSERT INTO address_type(id,name)VALUES(84,'GREVE')
INSERT INTO address_type(id,name)VALUES(85,'HABITATION')
INSERT INTO address_type(id,name)VALUES(86,'HAMEAU')
INSERT INTO address_type(id,name)VALUES(87,'HIPPODROME')
INSERT INTO address_type(id,name)VALUES(88,'HALLE')
INSERT INTO address_type(id,name)VALUES(89,'HALAGE')
INSERT INTO address_type(id,name)VALUES(90,'HLM')
INSERT INTO address_type(id,name)VALUES(91,'HAUTEUR')
INSERT INTO address_type(id,name)VALUES(92,'ILE')
INSERT INTO address_type(id,name)VALUES(93,'ILOT')
INSERT INTO address_type(id,name)VALUES(94,'IMPASSE')
INSERT INTO address_type(id,name)VALUES(95,'JARDIN')
INSERT INTO address_type(id,name)VALUES(96,'JETEE')
INSERT INTO address_type(id,name)VALUES(97,'LAC')
INSERT INTO address_type(id,name)VALUES(98,'LEVEE')
INSERT INTO address_type(id,name)VALUES(99,'LICES')
INSERT INTO address_type(id,name)VALUES(100,'LIGNE')
INSERT INTO address_type(id,name)VALUES(101,'LOTISSEMENT')
INSERT INTO address_type(id,name)VALUES(102,'MAIL')
INSERT INTO address_type(id,name)VALUES(103,'MAISON')
INSERT INTO address_type(id,name)VALUES(104,'MARCHE')
INSERT INTO address_type(id,name)VALUES(105,'MARE')
INSERT INTO address_type(id,name)VALUES(106,'MAS')
INSERT INTO address_type(id,name)VALUES(107,'MORNE')
INSERT INTO address_type(id,name)VALUES(108,'MARINA')
INSERT INTO address_type(id,name)VALUES(109,'MONTEE')
INSERT INTO address_type(id,name)VALUES(110,'NOUVELLE ROUTE')
INSERT INTO address_type(id,name)VALUES(111,'PETITE AVENUE')
INSERT INTO address_type(id,name)VALUES(112,'PARC')
INSERT INTO address_type(id,name)VALUES(113,'PASSAGE')
INSERT INTO address_type(id,name)VALUES(114,'PASSE')
INSERT INTO address_type(id,name)VALUES(115,'PETIT CHEMIN')
INSERT INTO address_type(id,name)VALUES(116,'PORCHE')
INSERT INTO address_type(id,name)VALUES(117,'PHARE')
INSERT INTO address_type(id,name)VALUES(118,'PISTE')
INSERT INTO address_type(id,name)VALUES(119,'PARKING')
INSERT INTO address_type(id,name)VALUES(120,'PLACE')
INSERT INTO address_type(id,name)VALUES(121,'PLACA')
INSERT INTO address_type(id,name)VALUES(122,'PLAGE')
INSERT INTO address_type(id,name)VALUES(123,'PLAN')
INSERT INTO address_type(id,name)VALUES(124,'PLACIS')
INSERT INTO address_type(id,name)VALUES(125,'PASSERELLE')
INSERT INTO address_type(id,name)VALUES(126,'PLAINE')
INSERT INTO address_type(id,name)VALUES(127,'PLATEAU')
INSERT INTO address_type(id,name)VALUES(128,'POINTE')
INSERT INTO address_type(id,name)VALUES(129,'PONT')
INSERT INTO address_type(id,name)VALUES(130,'PORTIQUE')
INSERT INTO address_type(id,name)VALUES(131,'PORT')
INSERT INTO address_type(id,name)VALUES(132,'POSTE')
INSERT INTO address_type(id,name)VALUES(133,'POTERNE')
INSERT INTO address_type(id,name)VALUES(134,'PROMENADE')
INSERT INTO address_type(id,name)VALUES(135,'PETITE ROUTE')
INSERT INTO address_type(id,name)VALUES(136,'PARVIS')
INSERT INTO address_type(id,name)VALUES(137,'PETITE ALLEE')
INSERT INTO address_type(id,name)VALUES(138,'PORTE')
INSERT INTO address_type(id,name)VALUES(139,'PETITE RUE')
INSERT INTO address_type(id,name)VALUES(140,'PLACETTE')
INSERT INTO address_type(id,name)VALUES(141,'QUARTIER')
INSERT INTO address_type(id,name)VALUES(142,'QUAI')
INSERT INTO address_type(id,name)VALUES(143,'RACCOURCI')
INSERT INTO address_type(id,name)VALUES(144,'REMPART')
INSERT INTO address_type(id,name)VALUES(145,'RESIDENCE')
INSERT INTO address_type(id,name)VALUES(146,'RIVE')
INSERT INTO address_type(id,name)VALUES(147,'RUELLE')
INSERT INTO address_type(id,name)VALUES(148,'ROCADE')
INSERT INTO address_type(id,name)VALUES(149,'RAMPE')
INSERT INTO address_type(id,name)VALUES(150,'ROND-POINT')
INSERT INTO address_type(id,name)VALUES(151,'ROTONDE')
INSERT INTO address_type(id,name)VALUES(152,'ROUTE')
INSERT INTO address_type(id,name)VALUES(153,'RUE')
INSERT INTO address_type(id,name)VALUES(154,'RUETTE')
INSERT INTO address_type(id,name)VALUES(155,'RUISSEAU')
INSERT INTO address_type(id,name)VALUES(156,'RUELLETTE')
INSERT INTO address_type(id,name)VALUES(157,'RAVINE')
INSERT INTO address_type(id,name)VALUES(158,'SAS')
INSERT INTO address_type(id,name)VALUES(159,'SENTIER, SENTE')
INSERT INTO address_type(id,name)VALUES(160,'SQUARE')
INSERT INTO address_type(id,name)VALUES(161,'STADE')
INSERT INTO address_type(id,name)VALUES(162,'TERRE')
INSERT INTO address_type(id,name)VALUES(163,'TOUR')
INSERT INTO address_type(id,name)VALUES(164,'TERRE-PLEIN')
INSERT INTO address_type(id,name)VALUES(165,'TRAVERSE')
INSERT INTO address_type(id,name)VALUES(166,'TRABOULE')
INSERT INTO address_type(id,name)VALUES(167,'TERRAIN')
INSERT INTO address_type(id,name)VALUES(168,'TERTRE')
INSERT INTO address_type(id,name)VALUES(169,'TERRASSE')
INSERT INTO address_type(id,name)VALUES(170,'TUNNEL')
INSERT INTO address_type(id,name)VALUES(171,'VAL')
INSERT INTO address_type(id,name)VALUES(172,'VALLON, VALLEE')
INSERT INTO address_type(id,name)VALUES(173,'VOIE COMMUNALE')
INSERT INTO address_type(id,name)VALUES(174,'VIEUX CHEMIN')
INSERT INTO address_type(id,name)VALUES(175,'VENELLE')
INSERT INTO address_type(id,name)VALUES(176,'VILLAGE')
INSERT INTO address_type(id,name)VALUES(177,'VIA')
INSERT INTO address_type(id,name)VALUES(178,'VIADUC')
INSERT INTO address_type(id,name)VALUES(179,'VILLE')
INSERT INTO address_type(id,name)VALUES(180,'VILLA')
INSERT INTO address_type(id,name)VALUES(181,'VOIE')
INSERT INTO address_type(id,name)VALUES(182,'VOIRIE')
INSERT INTO address_type(id,name)VALUES(183,'VOUTE')
INSERT INTO address_type(id,name)VALUES(184,'VOYEUL')
INSERT INTO address_type(id,name)VALUES(185,'VIEILLE ROUTE')
INSERT INTO address_type(id,name)VALUES(186,'ZA')
INSERT INTO address_type(id,name)VALUES(187,'ZAC')
INSERT INTO address_type(id,name)VALUES(188,'ZAD')
INSERT INTO address_type(id,name)VALUES(189,'ZI')
INSERT INTO address_type(id,name)VALUES(190,'ZONE')
INSERT INTO address_type(id,name)VALUES(191,'ZUP')


INSERT INTO address(id,number,address_complement,address_type_id,name,city_id)VALUES(1,10,null,153,'VAUVILLIERS',1)
INSERT INTO address(id,number,address_complement,address_type_id,name,city_id)VALUES(2,90,null,113,'DU CAIRE',2)
INSERT INTO address(id,number,address_complement,address_type_id,name,city_id)VALUES(3,21,null,120,'DES VOSGES',3)
INSERT INTO address(id,number,address_complement,address_type_id,name,city_id)VALUES(4,7,null,153,'AUBRIOT',4)
INSERT INTO address(id,number,address_complement,address_type_id,name,city_id)VALUES(5,102,null,13,'DE PORT ROYAL',5)
INSERT INTO address(id,number,address_complement,address_type_id,name,city_id)VALUES(6,151,'BIS',153,'DE RENNES',6)
INSERT INTO address(id,number,address_complement,address_type_id,name,city_id)VALUES(7,8,null,11,' GUSTAVE EIFFEL',7)
INSERT INTO address(id,number,address_complement,address_type_id,name,city_id)VALUES(8,1,null,94,'DANY',8)
INSERT INTO address(id,number,address_complement,address_type_id,name,city_id)VALUES(9,24,null,13,'POISSONNIERE',9)
INSERT INTO address(id,number,address_complement,address_type_id,name,city_id)VALUES(10,46,null,142,'DE JEMMAPES',10)
INSERT INTO address(id,number,address_complement,address_type_id,name,city_id)VALUES(11,192,'BIS',153,'DE LA ROQUETTE',11)
INSERT INTO address(id,number,address_complement,address_type_id,name,city_id)VALUES(12,247,null,153,'null',12)

INSERT INTO geographic_coordinates(id,longitude,latitude)VALUES(1,'2.3433840767435','48.8616965960827')
INSERT INTO geographic_coordinates(id,longitude,latitude)VALUES(2,'2.34974024333515','48.8682335631207')
INSERT INTO geographic_coordinates(id,longitude,latitude)VALUES(3,'2.3649484085893','48.8563872038653')
INSERT INTO geographic_coordinates(id,longitude,latitude)VALUES(4,'2.3571216637046','48.8586639350234')
INSERT INTO geographic_coordinates(id,longitude,latitude)VALUES(5,'2.33691562915772','48.8396896294951')
INSERT INTO geographic_coordinates(id,longitude,latitude)VALUES(6,'2.32548231081664','48.8453195864037')
INSERT INTO geographic_coordinates(id,longitude,latitude)VALUES(7,'2.29440521876441','48.8574462899748')
INSERT INTO geographic_coordinates(id,longitude,latitude)VALUES(8,'2.32103774074187','48.8778194416936')
INSERT INTO geographic_coordinates(id,longitude,latitude)VALUES(9,'2.34450928619433','48.8712843739922')
INSERT INTO geographic_coordinates(id,longitude,latitude)VALUES(10,'2.36703256602569','48.8697175394012')
INSERT INTO geographic_coordinates(id,longitude,latitude)VALUES(11,'2.38783302611709','48.8593052330986')
INSERT INTO geographic_coordinates(id,longitude,latitude)VALUES(12,'2.36830202338274','48.8474384006745')

INSERT INTO shop(id,siret_number,company_type_id,capital,name,description,image,website_url)VALUES(1,'36252187900034',9,10000,'Capsule Corp agence Paris 4',null,null,null)
INSERT INTO shop(id,siret_number,company_type_id,capital,name,description,image,website_url)VALUES(2,'36252187900035',9,10000,'Capsule Corp agence Paris 5',null,null,null)
INSERT INTO shop(id,siret_number,company_type_id,capital,name,description,image,website_url)VALUES(3,'56425181200054',4,1000000,'Galley La Compagnie',null,null,null)
INSERT INTO shop(id,siret_number,company_type_id,capital,name,description,image,website_url)VALUES(4,'56425181200055',4,1000000,'Galley La Compagnie',null,null,null)
INSERT INTO shop(id,siret_number,company_type_id,capital,name,description,image,website_url)VALUES(5,'56425181200056',4,1000000,'Galley La Compagnie',null,null,null)
INSERT INTO shop(id,siret_number,company_type_id,capital,name,description,image,website_url)VALUES(6,'58495072200010',12,null,'Créole Company',null,null,null)
INSERT INTO shop(id,siret_number,company_type_id,capital,name,description,image,website_url)VALUES(7,'96453851140021',13,null,'Azheimberg',null,null,null)
INSERT INTO shop(id,siret_number,company_type_id,capital,name,description,image,website_url)VALUES(8,'36252126900043',9,100000000,'I S.A. Corp.',null,null,null)
INSERT INTO shop(id,siret_number,company_type_id,capital,name,description,image,website_url)VALUES(9,'73281879120057',4,4000,'DODO S.A',null,null,null)

INSERT INTO shop_registration(id,registration_date,deregistration_date,deregistration_motive,shop_id)VALUES(1,sysdate(),null,null,1)
INSERT INTO shop_registration(id,registration_date,deregistration_date,deregistration_motive,shop_id)VALUES(2,sysdate(),null,null,2)
INSERT INTO shop_registration(id,registration_date,deregistration_date,deregistration_motive,shop_id)VALUES(3,sysdate(),sysdate(),'SATISFACTION',3)
INSERT INTO shop_registration(id,registration_date,deregistration_date,deregistration_motive,shop_id)VALUES(4,sysdate(),null,null,4)
INSERT INTO shop_registration(id,registration_date,deregistration_date,deregistration_motive,shop_id)VALUES(5,sysdate(),null,null,5)
INSERT INTO shop_registration(id,registration_date,deregistration_date,deregistration_motive,shop_id)VALUES(6,sysdate(),null,null,6)
INSERT INTO shop_registration(id,registration_date,deregistration_date,deregistration_motive,shop_id)VALUES(7,sysdate(),null,null,7)
INSERT INTO shop_registration(id,registration_date,deregistration_date,deregistration_motive,shop_id)VALUES(8,sysdate(),null,null,8)
INSERT INTO shop_registration(id,registration_date,deregistration_date,deregistration_motive,shop_id)VALUES(9,sysdate(),null,null,9)
INSERT INTO shop_registration(id,registration_date,deregistration_date,deregistration_motive,shop_id)VALUES(10,sysdate(),null,null,3)

INSERT INTO shop_address(shop_id,address_id)VALUES(1,4)
INSERT INTO shop_address(shop_id,address_id)VALUES(2,5)
INSERT INTO shop_address(shop_id,address_id)VALUES(3,6)
INSERT INTO shop_address(shop_id,address_id)VALUES(4,7)
INSERT INTO shop_address(shop_id,address_id)VALUES(5,8)
INSERT INTO shop_address(shop_id,address_id)VALUES(6,9)
INSERT INTO shop_address(shop_id,address_id)VALUES(7,10)
INSERT INTO shop_address(shop_id,address_id)VALUES(8,11)
INSERT INTO shop_address(shop_id,address_id)VALUES(9,12)

INSERT INTO shop_category_product(shop_id, category_product_id) VALUES (1, 23)

INSERT INTO shopkeeper_shop(shopkeeper_id,shop_id)VALUES(4,1)
INSERT INTO shopkeeper_shop(shopkeeper_id,shop_id)VALUES(4,2)
INSERT INTO shopkeeper_shop(shopkeeper_id,shop_id)VALUES(5,3)
INSERT INTO shopkeeper_shop(shopkeeper_id,shop_id)VALUES(5,4)
INSERT INTO shopkeeper_shop(shopkeeper_id,shop_id)VALUES(5,5)
INSERT INTO shopkeeper_shop(shopkeeper_id,shop_id)VALUES(6,6)
INSERT INTO shopkeeper_shop(shopkeeper_id,shop_id)VALUES(7,7)
INSERT INTO shopkeeper_shop(shopkeeper_id,shop_id)VALUES(8,8)
INSERT INTO shopkeeper_shop(shopkeeper_id,shop_id)VALUES(9,9)

INSERT INTO client_address(client_id,address_id)VALUES(1,1)
INSERT INTO client_address(client_id,address_id)VALUES(2,2)
INSERT INTO client_address(client_id,address_id)VALUES(3,3)

INSERT INTO promotion_type(id)VALUES(1)
INSERT INTO promotion_type(id)VALUES(2)
INSERT INTO promotion_type(id)VALUES(3)
INSERT INTO promotion_type(id)VALUES(4)
INSERT INTO promotion_type(id)VALUES(5)
INSERT INTO promotion_type(id)VALUES(6)
INSERT INTO promotion_type(id)VALUES(7)
INSERT INTO promotion_type(id)VALUES(8)
INSERT INTO promotion_type(id)VALUES(9)
INSERT INTO promotion_type(id)VALUES(10)
INSERT INTO promotion_type(id)VALUES(11)
INSERT INTO promotion_type(id)VALUES(12)
INSERT INTO promotion_type(id)VALUES(13)
INSERT INTO promotion_type(id)VALUES(14)

INSERT INTO discount(id,discount_value,min_purchase_amount)VALUES(4,5,30)
INSERT INTO discount(id,discount_value,min_purchase_amount)VALUES(5,10,40)
INSERT INTO discount(id,discount_value,min_purchase_amount)VALUES(7,20,60)
INSERT INTO discount(id,discount_value,min_purchase_amount)VALUES(13,50,150)

INSERT INTO pack(id,number_purchased,number_offered)VALUES(2,1,2)
INSERT INTO pack(id,number_purchased,number_offered)VALUES(6,1,3)
INSERT INTO pack(id,number_purchased,number_offered)VALUES(9,2,3)
INSERT INTO pack(id,number_purchased,number_offered)VALUES(11,2,5)
INSERT INTO pack(id,number_purchased,number_offered)VALUES(14,1,2)

INSERT INTO percent_type(id,percent_value,min_purchase_amount)VALUES(1,5,null)
INSERT INTO percent_type(id,percent_value,min_purchase_amount)VALUES(3,10,20)
INSERT INTO percent_type(id,percent_value,min_purchase_amount)VALUES(8,15,null)
INSERT INTO percent_type(id,percent_value,min_purchase_amount)VALUES(10,20,null)
INSERT INTO percent_type(id,percent_value,min_purchase_amount)VALUES(12,30,50)

INSERT INTO product(id)VALUES(1)
INSERT INTO product(id)VALUES(2)
INSERT INTO product(id)VALUES(3)
INSERT INTO product(id)VALUES(4)
INSERT INTO product(id)VALUES(5)
INSERT INTO product(id)VALUES(6)
INSERT INTO product(id)VALUES(7)
INSERT INTO product(id)VALUES(8)
INSERT INTO product(id)VALUES(9)
INSERT INTO product(id)VALUES(10)
INSERT INTO product(id)VALUES(11)
INSERT INTO product(id)VALUES(12)
INSERT INTO product(id)VALUES(13)
INSERT INTO product(id)VALUES(14)
INSERT INTO product(id)VALUES(15)
INSERT INTO product(id)VALUES(16)
INSERT INTO product(id)VALUES(17)
INSERT INTO product(id)VALUES(18)
INSERT INTO product(id)VALUES(19)
INSERT INTO product(id)VALUES(20)
INSERT INTO product(id)VALUES(21)
INSERT INTO product(id)VALUES(22)
INSERT INTO product(id)VALUES(23)
INSERT INTO product(id)VALUES(24)
INSERT INTO product(id)VALUES(25)
INSERT INTO product(id)VALUES(26)
INSERT INTO product(id)VALUES(27)
INSERT INTO product(id)VALUES(28)
INSERT INTO product(id)VALUES(29)
INSERT INTO product(id)VALUES(30)
INSERT INTO product(id)VALUES(31)
INSERT INTO product(id)VALUES(32)
INSERT INTO product(id)VALUES(33)
INSERT INTO product(id)VALUES(34)
INSERT INTO product(id)VALUES(35)
INSERT INTO product(id)VALUES(36)
INSERT INTO product(id)VALUES(37)
INSERT INTO product(id)VALUES(38)
INSERT INTO product(id)VALUES(39)
INSERT INTO product(id)VALUES(40)
INSERT INTO product(id)VALUES(41)
INSERT INTO product(id)VALUES(42)
INSERT INTO product(id)VALUES(43)
INSERT INTO product(id)VALUES(44)
INSERT INTO product(id)VALUES(45)
INSERT INTO product(id)VALUES(46)
INSERT INTO product(id)VALUES(47)
INSERT INTO product(id)VALUES(48)
INSERT INTO product(id)VALUES(49)
INSERT INTO product(id)VALUES(50)
INSERT INTO product(id)VALUES(51)
INSERT INTO product(id)VALUES(52)
INSERT INTO product(id)VALUES(53)
INSERT INTO product(id)VALUES(54)
INSERT INTO product(id)VALUES(55)
INSERT INTO product(id)VALUES(56)
INSERT INTO product(id)VALUES(57)
INSERT INTO product(id)VALUES(58)
INSERT INTO product(id)VALUES(59)
INSERT INTO product(id)VALUES(60)
INSERT INTO product(id)VALUES(61)
INSERT INTO product(id)VALUES(62)
INSERT INTO product(id)VALUES(63)
INSERT INTO product(id)VALUES(64)
INSERT INTO product(id)VALUES(65)
INSERT INTO product(id)VALUES(66)
INSERT INTO product(id)VALUES(67)
INSERT INTO product(id)VALUES(68)
INSERT INTO product(id)VALUES(69)
INSERT INTO product(id)VALUES(70)
INSERT INTO product(id)VALUES(71)
INSERT INTO product(id)VALUES(72)
INSERT INTO product(id)VALUES(73)
INSERT INTO product(id)VALUES(74)
INSERT INTO product(id)VALUES(75)
INSERT INTO product(id)VALUES(76)
INSERT INTO product(id)VALUES(77)
INSERT INTO product(id)VALUES(78)
INSERT INTO product(id)VALUES(79)
INSERT INTO product(id)VALUES(80)
INSERT INTO product(id)VALUES(81)
INSERT INTO product(id)VALUES(82)
INSERT INTO product(id)VALUES(83)
INSERT INTO product(id)VALUES(84)
INSERT INTO product(id)VALUES(85)
INSERT INTO product(id)VALUES(86)
INSERT INTO product(id)VALUES(87)
INSERT INTO product(id)VALUES(88)
INSERT INTO product(id)VALUES(89)
INSERT INTO product(id)VALUES(90)
INSERT INTO product(id)VALUES(91)
INSERT INTO product(id)VALUES(92)
INSERT INTO product(id)VALUES(93)
INSERT INTO product(id)VALUES(94)
INSERT INTO product(id)VALUES(95)
INSERT INTO product(id)VALUES(96)
INSERT INTO product(id)VALUES(97)
INSERT INTO product(id)VALUES(98)
INSERT INTO product(id)VALUES(99)
INSERT INTO product(id)VALUES(100)
INSERT INTO product(id)VALUES(101)
INSERT INTO product(id)VALUES(102)
INSERT INTO product(id)VALUES(103)
INSERT INTO product(id)VALUES(104)
INSERT INTO product(id)VALUES(105)
INSERT INTO product(id)VALUES(106)
INSERT INTO product(id)VALUES(107)
INSERT INTO product(id)VALUES(108)
INSERT INTO product(id)VALUES(109)
INSERT INTO product(id)VALUES(110)
INSERT INTO product(id)VALUES(111)
INSERT INTO product(id)VALUES(112)
INSERT INTO product(id)VALUES(113)
INSERT INTO product(id)VALUES(114)
INSERT INTO product(id)VALUES(115)
INSERT INTO product(id)VALUES(116)
INSERT INTO product(id)VALUES(117)
INSERT INTO product(id)VALUES(118)
INSERT INTO product(id)VALUES(119)
INSERT INTO product(id)VALUES(120)
INSERT INTO product(id)VALUES(121)
INSERT INTO product(id)VALUES(122)
INSERT INTO product(id)VALUES(123)
INSERT INTO product(id)VALUES(124)
INSERT INTO product(id)VALUES(125)
INSERT INTO product(id)VALUES(126)
INSERT INTO product(id)VALUES(127)
INSERT INTO product(id)VALUES(128)
INSERT INTO product(id)VALUES(129)
INSERT INTO product(id)VALUES(130)
INSERT INTO product(id)VALUES(131)
INSERT INTO product(id)VALUES(132)
INSERT INTO product(id)VALUES(133)
INSERT INTO product(id)VALUES(134)
INSERT INTO product(id)VALUES(135)
INSERT INTO product(id)VALUES(136)
INSERT INTO product(id)VALUES(137)
INSERT INTO product(id)VALUES(138)
INSERT INTO product(id)VALUES(139)
INSERT INTO product(id)VALUES(140)
INSERT INTO product(id)VALUES(141)
INSERT INTO product(id)VALUES(142)
INSERT INTO product(id)VALUES(143)
INSERT INTO product(id)VALUES(144)
INSERT INTO product(id)VALUES(145)
INSERT INTO product(id)VALUES(146)
INSERT INTO product(id)VALUES(147)
INSERT INTO product(id)VALUES(148)
INSERT INTO product(id)VALUES(149)
INSERT INTO product(id)VALUES(150)
INSERT INTO product(id)VALUES(151)
INSERT INTO product(id)VALUES(152)
INSERT INTO product(id)VALUES(153)
INSERT INTO product(id)VALUES(154)
INSERT INTO product(id)VALUES(155)
INSERT INTO product(id)VALUES(156)
INSERT INTO product(id)VALUES(157)
INSERT INTO product(id)VALUES(158)
INSERT INTO product(id)VALUES(159)
INSERT INTO product(id)VALUES(160)
INSERT INTO product(id)VALUES(161)
INSERT INTO product(id)VALUES(162)
INSERT INTO product(id)VALUES(163)
INSERT INTO product(id)VALUES(164)
INSERT INTO product(id)VALUES(165)
INSERT INTO product(id)VALUES(166)
INSERT INTO product(id)VALUES(167)
INSERT INTO product(id)VALUES(168)
INSERT INTO product(id)VALUES(169)
INSERT INTO product(id)VALUES(170)
INSERT INTO product(id)VALUES(171)
INSERT INTO product(id)VALUES(172)
INSERT INTO product(id)VALUES(173)
INSERT INTO product(id)VALUES(174)
INSERT INTO product(id)VALUES(175)
INSERT INTO product(id)VALUES(176)
INSERT INTO product(id)VALUES(177)
INSERT INTO product(id)VALUES(178)
INSERT INTO product(id)VALUES(179)
INSERT INTO product(id)VALUES(180)
INSERT INTO product(id)VALUES(181)
INSERT INTO product(id)VALUES(182)
INSERT INTO product(id)VALUES(183)
INSERT INTO product(id)VALUES(184)
INSERT INTO product(id)VALUES(185)
INSERT INTO product(id)VALUES(186)
INSERT INTO product(id)VALUES(187)
INSERT INTO product(id)VALUES(188)
INSERT INTO product(id)VALUES(189)
INSERT INTO product(id)VALUES(190)
INSERT INTO product(id)VALUES(191)
INSERT INTO product(id)VALUES(192)
INSERT INTO product(id)VALUES(193)
INSERT INTO product(id)VALUES(194)
INSERT INTO product(id)VALUES(195)
INSERT INTO product(id)VALUES(196)
INSERT INTO product(id)VALUES(197)
INSERT INTO product(id)VALUES(198)
INSERT INTO product(id)VALUES(199)
INSERT INTO product(id)VALUES(200)
INSERT INTO product(id)VALUES(201)
INSERT INTO product(id)VALUES(202)
INSERT INTO product(id)VALUES(203)
INSERT INTO product(id)VALUES(204)
INSERT INTO product(id)VALUES(205)
INSERT INTO product(id)VALUES(206)
INSERT INTO product(id)VALUES(207)
INSERT INTO product(id)VALUES(208)
INSERT INTO product(id)VALUES(209)
INSERT INTO product(id)VALUES(210)
INSERT INTO product(id)VALUES(211)
INSERT INTO product(id)VALUES(212)
INSERT INTO product(id)VALUES(213)
INSERT INTO product(id)VALUES(214)
INSERT INTO product(id)VALUES(215)
INSERT INTO product(id)VALUES(216)
INSERT INTO product(id)VALUES(217)
INSERT INTO product(id)VALUES(218)
INSERT INTO product(id)VALUES(219)
INSERT INTO product(id)VALUES(220)
INSERT INTO product(id)VALUES(221)
INSERT INTO product(id)VALUES(222)
INSERT INTO product(id)VALUES(223)
INSERT INTO product(id)VALUES(224)
INSERT INTO product(id)VALUES(225)
INSERT INTO product(id)VALUES(226)
INSERT INTO product(id)VALUES(227)
INSERT INTO product(id)VALUES(228)
INSERT INTO product(id)VALUES(229)
INSERT INTO product(id)VALUES(230)
INSERT INTO product(id)VALUES(231)
INSERT INTO product(id)VALUES(232)
INSERT INTO product(id)VALUES(233)
INSERT INTO product(id)VALUES(234)
INSERT INTO product(id)VALUES(235)
INSERT INTO product(id)VALUES(236)
INSERT INTO product(id)VALUES(237)
INSERT INTO product(id)VALUES(238)
INSERT INTO product(id)VALUES(239)
INSERT INTO product(id)VALUES(240)
INSERT INTO product(id)VALUES(241)
INSERT INTO product(id)VALUES(242)
INSERT INTO product(id)VALUES(243)
INSERT INTO product(id)VALUES(244)
INSERT INTO product(id)VALUES(245)
INSERT INTO product(id)VALUES(246)
INSERT INTO product(id)VALUES(247)
INSERT INTO product(id)VALUES(248)
INSERT INTO product(id)VALUES(249)
INSERT INTO product(id)VALUES(250)
INSERT INTO product(id)VALUES(251)
INSERT INTO product(id)VALUES(252)
INSERT INTO product(id)VALUES(253)
INSERT INTO product(id)VALUES(254)
INSERT INTO product(id)VALUES(255)
INSERT INTO product(id)VALUES(256)
INSERT INTO product(id)VALUES(257)
INSERT INTO product(id)VALUES(258)
INSERT INTO product(id)VALUES(259)
INSERT INTO product(id)VALUES(260)
INSERT INTO product(id)VALUES(261)
INSERT INTO product(id)VALUES(262)
INSERT INTO product(id)VALUES(263)
INSERT INTO product(id)VALUES(264)
INSERT INTO product(id)VALUES(265)
INSERT INTO product(id)VALUES(266)
INSERT INTO product(id)VALUES(267)
INSERT INTO product(id)VALUES(268)
INSERT INTO product(id)VALUES(269)
INSERT INTO product(id)VALUES(270)
INSERT INTO product(id)VALUES(271)
INSERT INTO product(id)VALUES(272)
INSERT INTO product(id)VALUES(273)
INSERT INTO product(id)VALUES(274)
INSERT INTO product(id)VALUES(275)
INSERT INTO product(id)VALUES(276)
INSERT INTO product(id)VALUES(277)
INSERT INTO product(id)VALUES(278)
INSERT INTO product(id)VALUES(279)
INSERT INTO product(id)VALUES(280)
INSERT INTO product(id)VALUES(281)
INSERT INTO product(id)VALUES(282)
INSERT INTO product(id)VALUES(283)
INSERT INTO product(id)VALUES(284)
INSERT INTO product(id)VALUES(285)
INSERT INTO product(id)VALUES(286)
INSERT INTO product(id)VALUES(287)
INSERT INTO product(id)VALUES(288)
INSERT INTO product(id)VALUES(289)
INSERT INTO product(id)VALUES(290)
INSERT INTO product(id)VALUES(291)
INSERT INTO product(id)VALUES(292)
INSERT INTO product(id)VALUES(293)
INSERT INTO product(id)VALUES(294)
INSERT INTO product(id)VALUES(295)
INSERT INTO product(id)VALUES(296)
INSERT INTO product(id)VALUES(297)
INSERT INTO product(id)VALUES(298)
INSERT INTO product(id)VALUES(299)
INSERT INTO product(id)VALUES(300)

INSERT INTO base_product(id,init_price,description,image,reference_product_id,add_date,remove_date)VALUES(1,20,'Le classique du jean, toujours à la mode.','jean_levis.jpg',1,SYSDATE(),null)
INSERT INTO base_product(id,init_price,description,image,reference_product_id,add_date,remove_date)VALUES(2,50,'Importé directement d''Ecosse','chaussettes_noires_en_fil_d_ecosse.jpg',2,SYSDATE(),null)
INSERT INTO base_product(id,init_price,description,image,reference_product_id,add_date,remove_date)VALUES(3,20,'Pour dormir à l''aise','pyjama_rayes_homme_taille_42.jpg',3,SYSDATE(),null)
INSERT INTO base_product(id,init_price,description,image,reference_product_id,add_date,remove_date)VALUES(4,30,'Aéré au niveau des aisselles','t-shirt_sports_nike_taille_L.jpg',4,SYSDATE(),null)
INSERT INTO base_product(id,init_price,description,image,reference_product_id,add_date,remove_date)VALUES(5,35,'Idéal pour se baigner en Bretagne','maillot_de_bain_isotherme.jpg',5,SYSDATE(),null)
INSERT INTO base_product(id,init_price,description,image,reference_product_id,add_date,remove_date)VALUES(6,72,'L''indispensable du golfeur','polo_lacoste_bleu_pervenche.jpg',6,SYSDATE(),null)
INSERT INTO base_product(id,init_price,description,image,reference_product_id,add_date,remove_date)VALUES(7,85,'Pour rendre hommage à Elvis','chemise_hawaienne_retro_taille_50.jpg',7,SYSDATE(),null)
INSERT INTO base_product(id,init_price,description,image,reference_product_id,add_date,remove_date)VALUES(8,99,'Il est tout doux','pull_en_cachemire.jpg',8,SYSDATE(),null)
INSERT INTO base_product(id,init_price,description,image,reference_product_id,add_date,remove_date)VALUES(9,15,'Idéal pour faire de la moto','veste_en_cuir_taille_M.jpg ',9,SYSDATE(),null)
INSERT INTO base_product(id,init_price,description,image,reference_product_id,add_date,remove_date)VALUES(10,13,'Le cadeau idéal pour votre amoureuse','manteau_ en_vison.jpg',10,SYSDATE(),null)
INSERT INTO base_product(id,init_price,description,image,reference_product_id,add_date,remove_date)VALUES(11,144,null,'pantalon_taille_haute_marron.jpg',11,SYSDATE(),null)
INSERT INTO base_product(id,init_price,description,image,reference_product_id,add_date,remove_date)VALUES(12,59,null,'cravate_rayee_rouge_et_blanc.png',12,SYSDATE(),null)
INSERT INTO base_product(id,init_price,description,image,reference_product_id,add_date,remove_date)VALUES(13,73,null,'calecon_en_soie_rouge.jpg',13,SYSDATE(),null)
INSERT INTO base_product(id,init_price,description,image,reference_product_id,add_date,remove_date)VALUES(14,88,null,'bandeau_de_sport_absorbant.jpg',14,SYSDATE(),null)
INSERT INTO base_product(id,init_price,description,image,reference_product_id,add_date,remove_date)VALUES(30,88,null,'bandeau_de_sport_absorbant.jpg',14,SYSDATE(),null)
INSERT INTO base_product(id,init_price,description,image,reference_product_id,add_date,remove_date)VALUES(31,15000,'Piano à queue','piano_à_queue.jpg',15,SYSDATE(),null)
INSERT INTO base_product(id,init_price,description,image,reference_product_id,add_date,remove_date)VALUES(32,2000,'Piano droit ','piano_droit.jpg',16,SYSDATE(),null)
INSERT INTO base_product(id,init_price,description,image,reference_product_id,add_date,remove_date)VALUES(33,100,'Caisse claire ','caisse_claire.jpg',17,SYSDATE(),null)
INSERT INTO base_product(id,init_price,description,image,reference_product_id,add_date,remove_date)VALUES(34,1200,'Contrebasse ','contrebasse.jpg',18,SYSDATE(),null)
INSERT INTO base_product(id,init_price,description,image,reference_product_id,add_date,remove_date)VALUES(35,800,'Flûtete traversière ','flûte_traversière.jpg',19,SYSDATE(),null)
INSERT INTO base_product(id,init_price,description,image,reference_product_id,add_date,remove_date)VALUES(36,300,'Guitare ','guitare.jpg',20,SYSDATE(),null)
INSERT INTO base_product(id,init_price,description,image,reference_product_id,add_date,remove_date)VALUES(37,400,'Guitare électrique ','guitare_électrique.jpg',21,SYSDATE(),null)
INSERT INTO base_product(id,init_price,description,image,reference_product_id,add_date,remove_date)VALUES(38,900,'Saxophone ','saxophone.jpg',22,SYSDATE(),null)
INSERT INTO base_product(id,init_price,description,image,reference_product_id,add_date,remove_date)VALUES(39,30,'Camion','camion.jpg',23,SYSDATE(),null)
INSERT INTO base_product(id,init_price,description,image,reference_product_id,add_date,remove_date)VALUES(40,10,'Horloge ','horloge.jpg',24,SYSDATE(),null)
INSERT INTO base_product(id,init_price,description,image,reference_product_id,add_date,remove_date)VALUES(41,20,'Jeux de quille ','jeu_de_quille.jpg',25,SYSDATE(),null)
INSERT INTO base_product(id,init_price,description,image,reference_product_id,add_date,remove_date)VALUES(42,25,'Malette de jeux ','malette_jeux.jpg',26,SYSDATE(),null)
INSERT INTO base_product(id,init_price,description,image,reference_product_id,add_date,remove_date)VALUES(43,7,'Puzzle ','puzzle.jpg',27,SYSDATE(),null)
INSERT INTO base_product(id,init_price,description,image,reference_product_id,add_date,remove_date)VALUES(44,5,'Tablette ','tablette.jpg',28,SYSDATE(),null)
INSERT INTO base_product(id,init_price,description,image,reference_product_id,add_date,remove_date)VALUES(45,150,'Sac argent','sac_argent.jpg',29,SYSDATE(),null)
INSERT INTO base_product(id,init_price,description,image,reference_product_id,add_date,remove_date)VALUES(46,90,'Sac bleu','sac_bleu.jpg',30,SYSDATE(),null)
INSERT INTO base_product(id,init_price,description,image,reference_product_id,add_date,remove_date)VALUES(47,200,'Sac France','sac_france.jpg',31,SYSDATE(),null)
INSERT INTO base_product(id,init_price,description,image,reference_product_id,add_date,remove_date)VALUES(48,80,'Sac Happy','sac_happy.jpg',32,SYSDATE(),null)
INSERT INTO base_product(id,init_price,description,image,reference_product_id,add_date,remove_date)VALUES(49,130,'Sac marron','Sac_marron.jpg',33,SYSDATE(),null)
INSERT INTO base_product(id,init_price,description,image,reference_product_id,add_date,remove_date)VALUES(50,110,'Sac rouge','sac_rouge.jpg',34,SYSDATE(),null)
INSERT INTO base_product(id,init_price,description,image,reference_product_id,add_date,remove_date)VALUES(51,45,'Sac vert','sac_vert.jpg',35,SYSDATE(),null)
INSERT INTO base_product(id,init_price,description,image,reference_product_id,add_date,remove_date)VALUES(52,100,'Bleu de Chanel','167039_chanel_bleu_de_chanel_eau_de_toilette_eau_de_toilette_vaporisateur_100ml_300x300.jpg',36,SYSDATE(),null)
INSERT INTO base_product(id,init_price,description,image,reference_product_id,add_date,remove_date)VALUES(53,120,'Trésor de Lancôme','232107_lancome_tresor_en_or_eau_de_parfum_edition_limitee_eau_de_parfum_flacon_50_ml_300x300.jpg',37,SYSDATE(),null)
INSERT INTO base_product(id,init_price,description,image,reference_product_id,add_date,remove_date)VALUES(54,90,'J''adore de Dior','p024114_dior_j_adore_eau_de_parfum_300x300.jpg',38,SYSDATE(),null)
INSERT INTO base_product(id,init_price,description,image,reference_product_id,add_date,remove_date)VALUES(55,120,'Eau sauvage de Dior','p222876_dior_sauvage_eau_de_parfum_300x300.jpg',39,SYSDATE(),null)
INSERT INTO base_product(id,init_price,description,image,reference_product_id,add_date,remove_date)VALUES(56,80,'Terre d''Hermes','p226180_hermes_terre_d_hermes_eau_intense_vetiver_300x300.jpg',40,SYSDATE(),null)
INSERT INTO base_product(id,init_price,description,image,reference_product_id,add_date,remove_date)VALUES(57,70,'Joy de Dior','p226824_dior_joy_de_dior_eau_de_parfum_300x300.jpg',41,SYSDATE(),null)
INSERT INTO base_product(id,init_price,description,image,reference_product_id,add_date,remove_date)VALUES(58,75,'La vie est belle de Lancôme','p230832_lancome_la_vie_est_belle_en_rose_eau_de_toilette_300x300.jpg',42,SYSDATE(),null)
INSERT INTO base_product(id,init_price,description,image,reference_product_id,add_date,remove_date)VALUES(59,5,'Fille de l''air','fille-de-l-air-tillandsia-raquette-632763-1.jpg',43,SYSDATE(),null)
INSERT INTO base_product(id,init_price,description,image,reference_product_id,add_date,remove_date)VALUES(60,6,'Fleur de lune','fleur-de-lune-803876-1.jpg',44,SYSDATE(),null)
INSERT INTO base_product(id,init_price,description,image,reference_product_id,add_date,remove_date)VALUES(61,7,'Gerbera','gerbera-632879-1.jpg',45,SYSDATE(),null)
INSERT INTO base_product(id,init_price,description,image,reference_product_id,add_date,remove_date)VALUES(62,8,'Guzmania','guzmania-hope-1494953-1.jpg',46,SYSDATE(),null)
INSERT INTO base_product(id,init_price,description,image,reference_product_id,add_date,remove_date)VALUES(63,9,'Hortensia','hortensia-670835-1.jpg',47,SYSDATE(),null)
INSERT INTO base_product(id,init_price,description,image,reference_product_id,add_date,remove_date)VALUES(64,10,'Orchidée','orchidee-papillon-1012950-1.jpg',48,SYSDATE(),null)
INSERT INTO base_product(id,init_price,description,image,reference_product_id,add_date,remove_date)VALUES(65,5,'Rose de Chine','rose-de-chine-ketmie-667281-1.jpg',49,SYSDATE(),null)
INSERT INTO base_product(id,init_price,description,image,reference_product_id,add_date,remove_date)VALUES(66,4,'Rose miniature','rosier-miniature-kordana-634743-1.jpg',50,SYSDATE(),null)
INSERT INTO base_product(id,init_price,description,image,reference_product_id,add_date,remove_date)VALUES(67,20,'Le classique du jean, toujours à la mode.','jean_levis.jpg',1,SYSDATE(),null)														
INSERT INTO base_product(id,init_price,description,image,reference_product_id,add_date,remove_date)VALUES(68,50,'Importé directement d''Ecosse','chaussettes_noires_en_fil_d_ecosse.jpg',2,SYSDATE(),null)														
INSERT INTO base_product(id,init_price,description,image,reference_product_id,add_date,remove_date)VALUES(69,20,'Pour dormir à l''aise','pyjama_rayes_homme_taille_42.jpg',3,SYSDATE(),null)														
INSERT INTO base_product(id,init_price,description,image,reference_product_id,add_date,remove_date)VALUES(70,30,'Aéré au niveau des aisselles','t-shirt_sports_nike_taille_L.jpg',4,SYSDATE(),null)														
INSERT INTO base_product(id,init_price,description,image,reference_product_id,add_date,remove_date)VALUES(71,35,'Idéal pour se baigner en Bretagne','maillot_de_bain_isotherme.jpg',5,SYSDATE(),null)														
INSERT INTO base_product(id,init_price,description,image,reference_product_id,add_date,remove_date)VALUES(72,72,'L''indispensable du golfeur','polo_lacoste_bleu_pervenche.jpg',6,SYSDATE(),null)														
INSERT INTO base_product(id,init_price,description,image,reference_product_id,add_date,remove_date)VALUES(73,85,'Pour rendre hommage à Elvis','chemise_hawaienne_retro_taille_50.jpg',7,SYSDATE(),null)														
INSERT INTO base_product(id,init_price,description,image,reference_product_id,add_date,remove_date)VALUES(74,99,'Il est tout doux','pull_en_cachemire.jpg',8,SYSDATE(),null)														
INSERT INTO base_product(id,init_price,description,image,reference_product_id,add_date,remove_date)VALUES(75,15,'Idéal pour faire de la moto','veste_en_cuir_taille_M.jpg ',9,SYSDATE(),null)														
INSERT INTO base_product(id,init_price,description,image,reference_product_id,add_date,remove_date)VALUES(76,13,'Le cadeau idéal pour votre amoureuse','manteau_ en_vison.jpg',10,SYSDATE(),null)														
INSERT INTO base_product(id,init_price,description,image,reference_product_id,add_date,remove_date)VALUES(77,144,null,'pantalon_taille_haute_marron.jpg',11,SYSDATE(),null)														
INSERT INTO base_product(id,init_price,description,image,reference_product_id,add_date,remove_date)VALUES(78,59,null,'cravate_rayee_rouge_et_blanc.png',12,SYSDATE(),null)														
INSERT INTO base_product(id,init_price,description,image,reference_product_id,add_date,remove_date)VALUES(79,73,null,'calecon_en_soie_rouge.jpg',13,SYSDATE(),null)														
INSERT INTO base_product(id,init_price,description,image,reference_product_id,add_date,remove_date)VALUES(80,88,null,'bandeau_de_sport_absorbant.jpg',14,SYSDATE(),null)														
INSERT INTO base_product(id,init_price,description,image,reference_product_id,add_date,remove_date)VALUES(81,88,null,'bandeau_de_sport_absorbant.jpg',14,SYSDATE(),null)														
INSERT INTO base_product(id,init_price,description,image,reference_product_id,add_date,remove_date)VALUES(82,15000,'Piano à queue','piano_à_queue.jpg',15,SYSDATE(),null)														
INSERT INTO base_product(id,init_price,description,image,reference_product_id,add_date,remove_date)VALUES(83,2000,'Piano droit ','piano_droit.jpg',16,SYSDATE(),null)														
INSERT INTO base_product(id,init_price,description,image,reference_product_id,add_date,remove_date)VALUES(84,100,'Caisse claire ','caisse_claire.jpg',17,SYSDATE(),null)														
INSERT INTO base_product(id,init_price,description,image,reference_product_id,add_date,remove_date)VALUES(85,1200,'Contrebasse ','contrebasse.jpg',18,SYSDATE(),null)														
INSERT INTO base_product(id,init_price,description,image,reference_product_id,add_date,remove_date)VALUES(86,800,'Flûtete traversière ','flûte_traversière.jpg',19,SYSDATE(),null)														
INSERT INTO base_product(id,init_price,description,image,reference_product_id,add_date,remove_date)VALUES(87,300,'Guitare ','guitare.jpg',20,SYSDATE(),null)														
INSERT INTO base_product(id,init_price,description,image,reference_product_id,add_date,remove_date)VALUES(88,400,'Guitare électrique ','guitare_électrique.jpg',21,SYSDATE(),null)														
INSERT INTO base_product(id,init_price,description,image,reference_product_id,add_date,remove_date)VALUES(89,900,'Saxophone ','saxophone.jpg',22,SYSDATE(),null)														
INSERT INTO base_product(id,init_price,description,image,reference_product_id,add_date,remove_date)VALUES(90,30,'Camion','camion.jpg',23,SYSDATE(),null)														
INSERT INTO base_product(id,init_price,description,image,reference_product_id,add_date,remove_date)VALUES(91,10,'Horloge ','horloge.jpg',24,SYSDATE(),null)														
INSERT INTO base_product(id,init_price,description,image,reference_product_id,add_date,remove_date)VALUES(92,20,'Jeux de quille ','jeu_de_quille.jpg',25,SYSDATE(),null)														
INSERT INTO base_product(id,init_price,description,image,reference_product_id,add_date,remove_date)VALUES(93,25,'Malette de jeux ','malette_jeux.jpg',26,SYSDATE(),null)														
INSERT INTO base_product(id,init_price,description,image,reference_product_id,add_date,remove_date)VALUES(94,7,'Puzzle ','puzzle.jpg',27,SYSDATE(),null)														
INSERT INTO base_product(id,init_price,description,image,reference_product_id,add_date,remove_date)VALUES(95,5,'Tablette ','tablette.jpg',28,SYSDATE(),null)														
INSERT INTO base_product(id,init_price,description,image,reference_product_id,add_date,remove_date)VALUES(96,150,'Sac argent','sac_argent.jpg',29,SYSDATE(),null)														
INSERT INTO base_product(id,init_price,description,image,reference_product_id,add_date,remove_date)VALUES(97,90,'Sac bleu','sac_bleu.jpg',30,SYSDATE(),null)														
INSERT INTO base_product(id,init_price,description,image,reference_product_id,add_date,remove_date)VALUES(98,200,'Sac France','sac_france.jpg',31,SYSDATE(),null)														
INSERT INTO base_product(id,init_price,description,image,reference_product_id,add_date,remove_date)VALUES(99,80,'Sac Happy','sac_happy.jpg',32,SYSDATE(),null)														
INSERT INTO base_product(id,init_price,description,image,reference_product_id,add_date,remove_date)VALUES(100,130,'Sac marron','Sac_marron.jpg',33,SYSDATE(),null)														
INSERT INTO base_product(id,init_price,description,image,reference_product_id,add_date,remove_date)VALUES(101,110,'Sac rouge','sac_rouge.jpg',34,SYSDATE(),null)														
INSERT INTO base_product(id,init_price,description,image,reference_product_id,add_date,remove_date)VALUES(102,45,'Sac vert','sac_vert.jpg',35,SYSDATE(),null)														
INSERT INTO base_product(id,init_price,description,image,reference_product_id,add_date,remove_date)VALUES(103,100,'Bleu de Chanel','167039_chanel_bleu_de_chanel_eau_de_toilette_eau_de_toilette_vaporisateur_100ml_300x300.jpg',36,SYSDATE(),null)														
INSERT INTO base_product(id,init_price,description,image,reference_product_id,add_date,remove_date)VALUES(104,120,'Trésor de Lancôme','232107_lancome_tresor_en_or_eau_de_parfum_edition_limitee_eau_de_parfum_flacon_50_ml_300x300.jpg',37,SYSDATE(),null)														
INSERT INTO base_product(id,init_price,description,image,reference_product_id,add_date,remove_date)VALUES(105,90,'J''adore de Dior','p024114_dior_j_adore_eau_de_parfum_300x300.jpg',38,SYSDATE(),null)														
INSERT INTO base_product(id,init_price,description,image,reference_product_id,add_date,remove_date)VALUES(106,120,'Eau sauvage de Dior','p222876_dior_sauvage_eau_de_parfum_300x300.jpg',39,SYSDATE(),null)														
INSERT INTO base_product(id,init_price,description,image,reference_product_id,add_date,remove_date)VALUES(107,80,'Terre d''Hermes','p226180_hermes_terre_d_hermes_eau_intense_vetiver_300x300.jpg',40,SYSDATE(),null)														
INSERT INTO base_product(id,init_price,description,image,reference_product_id,add_date,remove_date)VALUES(108,70,'Joy de Dior','p226824_dior_joy_de_dior_eau_de_parfum_300x300.jpg',41,SYSDATE(),null)														
INSERT INTO base_product(id,init_price,description,image,reference_product_id,add_date,remove_date)VALUES(109,75,'La vie est belle de Lancôme','p230832_lancome_la_vie_est_belle_en_rose_eau_de_toilette_300x300.jpg',42,SYSDATE(),null)														
INSERT INTO base_product(id,init_price,description,image,reference_product_id,add_date,remove_date)VALUES(110,5,'Fille de l''air','fille-de-l-air-tillandsia-raquette-632763-1.jpg',43,SYSDATE(),null)														
INSERT INTO base_product(id,init_price,description,image,reference_product_id,add_date,remove_date)VALUES(111,6,'Fleur de lune','fleur-de-lune-803876-1.jpg',44,SYSDATE(),null)														
INSERT INTO base_product(id,init_price,description,image,reference_product_id,add_date,remove_date)VALUES(112,7,'Gerbera','gerbera-632879-1.jpg',45,SYSDATE(),null)														
INSERT INTO base_product(id,init_price,description,image,reference_product_id,add_date,remove_date)VALUES(113,8,'Guzmania','guzmania-hope-1494953-1.jpg',46,SYSDATE(),null)														
INSERT INTO base_product(id,init_price,description,image,reference_product_id,add_date,remove_date)VALUES(114,9,'Hortensia','hortensia-670835-1.jpg',47,SYSDATE(),null)														
INSERT INTO base_product(id,init_price,description,image,reference_product_id,add_date,remove_date)VALUES(115,10,'Orchidée','orchidee-papillon-1012950-1.jpg',48,SYSDATE(),null)														
INSERT INTO base_product(id,init_price,description,image,reference_product_id,add_date,remove_date)VALUES(116,5,'Rose de Chine','rose-de-chine-ketmie-667281-1.jpg',49,SYSDATE(),null)														
INSERT INTO base_product(id,init_price,description,image,reference_product_id,add_date,remove_date)VALUES(117,4,'Rose miniature','rosier-miniature-kordana-634743-1.jpg',50,SYSDATE(),null)														
INSERT INTO base_product(id,init_price,description,image,reference_product_id,add_date,remove_date)VALUES(118,20,'Le classique du jean, toujours à la mode.','jean_levis.jpg',1,SYSDATE(),null)														
INSERT INTO base_product(id,init_price,description,image,reference_product_id,add_date,remove_date)VALUES(119,50,'Importé directement d''Ecosse','chaussettes_noires_en_fil_d_ecosse.jpg',2,SYSDATE(),null)														
INSERT INTO base_product(id,init_price,description,image,reference_product_id,add_date,remove_date)VALUES(120,20,'Pour dormir à l''aise','pyjama_rayes_homme_taille_42.jpg',3,SYSDATE(),null)														
INSERT INTO base_product(id,init_price,description,image,reference_product_id,add_date,remove_date)VALUES(121,30,'Aéré au niveau des aisselles','t-shirt_sports_nike_taille_L.jpg',4,SYSDATE(),null)														
INSERT INTO base_product(id,init_price,description,image,reference_product_id,add_date,remove_date)VALUES(122,35,'Idéal pour se baigner en Bretagne','maillot_de_bain_isotherme.jpg',5,SYSDATE(),null)														
INSERT INTO base_product(id,init_price,description,image,reference_product_id,add_date,remove_date)VALUES(123,72,'L''indispensable du golfeur','polo_lacoste_bleu_pervenche.jpg',6,SYSDATE(),null)														
INSERT INTO base_product(id,init_price,description,image,reference_product_id,add_date,remove_date)VALUES(124,85,'Pour rendre hommage à Elvis','chemise_hawaienne_retro_taille_50.jpg',7,SYSDATE(),null)														
INSERT INTO base_product(id,init_price,description,image,reference_product_id,add_date,remove_date)VALUES(125,99,'Il est tout doux','pull_en_cachemire.jpg',8,SYSDATE(),null)														
INSERT INTO base_product(id,init_price,description,image,reference_product_id,add_date,remove_date)VALUES(126,15,'Idéal pour faire de la moto','veste_en_cuir_taille_M.jpg ',9,SYSDATE(),null)														
INSERT INTO base_product(id,init_price,description,image,reference_product_id,add_date,remove_date)VALUES(127,13,'Le cadeau idéal pour votre amoureuse','manteau_ en_vison.jpg',10,SYSDATE(),null)														
INSERT INTO base_product(id,init_price,description,image,reference_product_id,add_date,remove_date)VALUES(128,144,null,'pantalon_taille_haute_marron.jpg',11,SYSDATE(),null)														
INSERT INTO base_product(id,init_price,description,image,reference_product_id,add_date,remove_date)VALUES(129,59,null,'cravate_rayee_rouge_et_blanc.png',12,SYSDATE(),null)														
INSERT INTO base_product(id,init_price,description,image,reference_product_id,add_date,remove_date)VALUES(130,73,null,'calecon_en_soie_rouge.jpg',13,SYSDATE(),null)														
INSERT INTO base_product(id,init_price,description,image,reference_product_id,add_date,remove_date)VALUES(131,88,null,'bandeau_de_sport_absorbant.jpg',14,SYSDATE(),null)														
INSERT INTO base_product(id,init_price,description,image,reference_product_id,add_date,remove_date)VALUES(132,88,null,'bandeau_de_sport_absorbant.jpg',14,SYSDATE(),null)														
INSERT INTO base_product(id,init_price,description,image,reference_product_id,add_date,remove_date)VALUES(133,15000,'Piano à queue','piano_à_queue.jpg',15,SYSDATE(),null)														
INSERT INTO base_product(id,init_price,description,image,reference_product_id,add_date,remove_date)VALUES(134,2000,'Piano droit ','piano_droit.jpg',16,SYSDATE(),null)														
INSERT INTO base_product(id,init_price,description,image,reference_product_id,add_date,remove_date)VALUES(135,100,'Caisse claire ','caisse_claire.jpg',17,SYSDATE(),null)														
INSERT INTO base_product(id,init_price,description,image,reference_product_id,add_date,remove_date)VALUES(136,1200,'Contrebasse ','contrebasse.jpg',18,SYSDATE(),null)														
INSERT INTO base_product(id,init_price,description,image,reference_product_id,add_date,remove_date)VALUES(137,800,'Flûtete traversière ','flûte_traversière.jpg',19,SYSDATE(),null)														
INSERT INTO base_product(id,init_price,description,image,reference_product_id,add_date,remove_date)VALUES(138,300,'Guitare ','guitare.jpg',20,SYSDATE(),null)														
INSERT INTO base_product(id,init_price,description,image,reference_product_id,add_date,remove_date)VALUES(139,400,'Guitare électrique ','guitare_électrique.jpg',21,SYSDATE(),null)														
INSERT INTO base_product(id,init_price,description,image,reference_product_id,add_date,remove_date)VALUES(140,900,'Saxophone ','saxophone.jpg',22,SYSDATE(),null)														
INSERT INTO base_product(id,init_price,description,image,reference_product_id,add_date,remove_date)VALUES(141,30,'Camion','camion.jpg',23,SYSDATE(),null)														
INSERT INTO base_product(id,init_price,description,image,reference_product_id,add_date,remove_date)VALUES(142,10,'Horloge ','horloge.jpg',24,SYSDATE(),null)														
INSERT INTO base_product(id,init_price,description,image,reference_product_id,add_date,remove_date)VALUES(143,20,'Jeux de quille ','jeu_de_quille.jpg',25,SYSDATE(),null)														
INSERT INTO base_product(id,init_price,description,image,reference_product_id,add_date,remove_date)VALUES(144,25,'Malette de jeux ','malette_jeux.jpg',26,SYSDATE(),null)														
INSERT INTO base_product(id,init_price,description,image,reference_product_id,add_date,remove_date)VALUES(145,7,'Puzzle ','puzzle.jpg',27,SYSDATE(),null)														
INSERT INTO base_product(id,init_price,description,image,reference_product_id,add_date,remove_date)VALUES(146,5,'Tablette ','tablette.jpg',28,SYSDATE(),null)														
INSERT INTO base_product(id,init_price,description,image,reference_product_id,add_date,remove_date)VALUES(147,150,'Sac argent','sac_argent.jpg',29,SYSDATE(),null)														
INSERT INTO base_product(id,init_price,description,image,reference_product_id,add_date,remove_date)VALUES(148,90,'Sac bleu','sac_bleu.jpg',30,SYSDATE(),null)														
INSERT INTO base_product(id,init_price,description,image,reference_product_id,add_date,remove_date)VALUES(149,200,'Sac France','sac_france.jpg',31,SYSDATE(),null)														
INSERT INTO base_product(id,init_price,description,image,reference_product_id,add_date,remove_date)VALUES(150,80,'Sac Happy','sac_happy.jpg',32,SYSDATE(),null)														
INSERT INTO base_product(id,init_price,description,image,reference_product_id,add_date,remove_date)VALUES(151,130,'Sac marron','Sac_marron.jpg',33,SYSDATE(),null)														
INSERT INTO base_product(id,init_price,description,image,reference_product_id,add_date,remove_date)VALUES(152,110,'Sac rouge','sac_rouge.jpg',34,SYSDATE(),null)														
INSERT INTO base_product(id,init_price,description,image,reference_product_id,add_date,remove_date)VALUES(153,45,'Sac vert','sac_vert.jpg',35,SYSDATE(),null)														
INSERT INTO base_product(id,init_price,description,image,reference_product_id,add_date,remove_date)VALUES(154,100,'Bleu de Chanel','167039_chanel_bleu_de_chanel_eau_de_toilette_eau_de_toilette_vaporisateur_100ml_300x300.jpg',36,SYSDATE(),null)														
INSERT INTO base_product(id,init_price,description,image,reference_product_id,add_date,remove_date)VALUES(155,120,'Trésor de Lancôme','232107_lancome_tresor_en_or_eau_de_parfum_edition_limitee_eau_de_parfum_flacon_50_ml_300x300.jpg',37,SYSDATE(),null)														
INSERT INTO base_product(id,init_price,description,image,reference_product_id,add_date,remove_date)VALUES(156,90,'J''adore de Dior','p024114_dior_j_adore_eau_de_parfum_300x300.jpg',38,SYSDATE(),null)														
INSERT INTO base_product(id,init_price,description,image,reference_product_id,add_date,remove_date)VALUES(157,120,'Eau sauvage de Dior','p222876_dior_sauvage_eau_de_parfum_300x300.jpg',39,SYSDATE(),null)														
INSERT INTO base_product(id,init_price,description,image,reference_product_id,add_date,remove_date)VALUES(158,80,'Terre d''Hermes','p226180_hermes_terre_d_hermes_eau_intense_vetiver_300x300.jpg',40,SYSDATE(),null)														
INSERT INTO base_product(id,init_price,description,image,reference_product_id,add_date,remove_date)VALUES(159,70,'Joy de Dior','p226824_dior_joy_de_dior_eau_de_parfum_300x300.jpg',41,SYSDATE(),null)														
INSERT INTO base_product(id,init_price,description,image,reference_product_id,add_date,remove_date)VALUES(160,75,'La vie est belle de Lancôme','p230832_lancome_la_vie_est_belle_en_rose_eau_de_toilette_300x300.jpg',42,SYSDATE(),null)														
INSERT INTO base_product(id,init_price,description,image,reference_product_id,add_date,remove_date)VALUES(161,5,'Fille de l''air','fille-de-l-air-tillandsia-raquette-632763-1.jpg',43,SYSDATE(),null)														
INSERT INTO base_product(id,init_price,description,image,reference_product_id,add_date,remove_date)VALUES(162,6,'Fleur de lune','fleur-de-lune-803876-1.jpg',44,SYSDATE(),null)														
INSERT INTO base_product(id,init_price,description,image,reference_product_id,add_date,remove_date)VALUES(163,7,'Gerbera','gerbera-632879-1.jpg',45,SYSDATE(),null)														
INSERT INTO base_product(id,init_price,description,image,reference_product_id,add_date,remove_date)VALUES(164,8,'Guzmania','guzmania-hope-1494953-1.jpg',46,SYSDATE(),null)														
INSERT INTO base_product(id,init_price,description,image,reference_product_id,add_date,remove_date)VALUES(165,9,'Hortensia','hortensia-670835-1.jpg',47,SYSDATE(),null)														

INSERT INTO promotion(id,name,description,promotion_type_id,product_id,date_of_creation,date_of_remove,limit_time_promotion,limit_time_take_promotion,quantity_init_available,quantity_remaining,is_cumulative)VALUES(15,'Promo Jean Levi''s','A ne surtout pas manquer !',1,1,SYSDATE(),null,172800000000000,7200000000000,100,5,FALSE)
INSERT INTO promotion(id,name,description,promotion_type_id,product_id,date_of_creation,date_of_remove,limit_time_promotion,limit_time_take_promotion,quantity_init_available,quantity_remaining,is_cumulative)VALUES(16,'Promo du début de semaine','A ne surtout pas manquer !',2,2,SYSDATE(),null,172800000000000,7200000000000,50,0,FALSE)
INSERT INTO promotion(id,name,description,promotion_type_id,product_id,date_of_creation,date_of_remove,limit_time_promotion,limit_time_take_promotion,quantity_init_available,quantity_remaining,is_cumulative)VALUES(17,'Promo du soir','A ne surtout pas manquer !',3,3,SYSDATE(),null,172800000000000,7200000000000,20,0,FALSE)
INSERT INTO promotion(id,name,description,promotion_type_id,product_id,date_of_creation,date_of_remove,limit_time_promotion,limit_time_take_promotion,quantity_init_available,quantity_remaining,is_cumulative)VALUES(18,'Promo sport week','A ne surtout pas manquer !',4,4,SYSDATE(),null,172800000000000,7200000000000,150,50,FALSE)
INSERT INTO promotion(id,name,description,promotion_type_id,product_id,date_of_creation,date_of_remove,limit_time_promotion,limit_time_take_promotion,quantity_init_available,quantity_remaining,is_cumulative)VALUES(19,'Se baigner pour pas cher','A ne surtout pas manquer !',5,5,SYSDATE(),null,172800000000000,7200000000000,300,100,FALSE)
INSERT INTO promotion(id,name,description,promotion_type_id,product_id,date_of_creation,date_of_remove,limit_time_promotion,limit_time_take_promotion,quantity_init_available,quantity_remaining,is_cumulative)VALUES(20,'Promotion du début de semaine','A ne surtout pas manquer !',6,6,SYSDATE(),null,172800000000000,7200000000000,20,2,FALSE)
INSERT INTO promotion(id,name,description,promotion_type_id,product_id,date_of_creation,date_of_remove,limit_time_promotion,limit_time_take_promotion,quantity_init_available,quantity_remaining,is_cumulative)VALUES(21,'Promotion du début de semaine','A ne surtout pas manquer !',7,7,SYSDATE(),null,172800000000000,7200000000000,40,15,FALSE)
INSERT INTO promotion(id,name,description,promotion_type_id,product_id,date_of_creation,date_of_remove,limit_time_promotion,limit_time_take_promotion,quantity_init_available,quantity_remaining,is_cumulative)VALUES(22,'Promotion du début de semaine','A ne surtout pas manquer !',8,8,SYSDATE(),null,172800000000000,7200000000000,100,80,FALSE)
INSERT INTO promotion(id,name,description,promotion_type_id,product_id,date_of_creation,date_of_remove,limit_time_promotion,limit_time_take_promotion,quantity_init_available,quantity_remaining,is_cumulative)VALUES(23,'Promotion du début de semaine','A ne surtout pas manquer !',9,9,SYSDATE(),null,172800000000000,7200000000000,200,0,FALSE)
INSERT INTO promotion(id,name,description,promotion_type_id,product_id,date_of_creation,date_of_remove,limit_time_promotion,limit_time_take_promotion,quantity_init_available,quantity_remaining,is_cumulative)VALUES(24,'Promotion du début de semaine','A ne surtout pas manquer !',10,10,SYSDATE(),null,172800000000000,7200000000000,250,250,FALSE)
INSERT INTO promotion(id,name,description,promotion_type_id,product_id,date_of_creation,date_of_remove,limit_time_promotion,limit_time_take_promotion,quantity_init_available,quantity_remaining,is_cumulative)VALUES(25,'Promotion du début de semaine','A ne surtout pas manquer !',11,11,SYSDATE(),null,172800000000000,7200000000000,75,20,FALSE)
INSERT INTO promotion(id,name,description,promotion_type_id,product_id,date_of_creation,date_of_remove,limit_time_promotion,limit_time_take_promotion,quantity_init_available,quantity_remaining,is_cumulative)VALUES(26,'Promotion du début de semaine ','A ne surtout pas manquer !',12,12,SYSDATE(),null,172800000000000,7200000000000,1000,200,FALSE)
INSERT INTO promotion(id,name,description,promotion_type_id,product_id,date_of_creation,date_of_remove,limit_time_promotion,limit_time_take_promotion,quantity_init_available,quantity_remaining,is_cumulative)VALUES(27,'Promotion du début de semaine','A ne surtout pas manquer !',13,13,SYSDATE(),null,172800000000000,7200000000000,1000,0,FALSE)
INSERT INTO promotion(id,name,description,promotion_type_id,product_id,date_of_creation,date_of_remove,limit_time_promotion,limit_time_take_promotion,quantity_init_available,quantity_remaining,is_cumulative)VALUES(28,'Promotion du début de semaine','A ne surtout pas manquer !',14,14,SYSDATE(),SYSDATE(),172800000000000,7200000000000,1000,0,FALSE)
INSERT INTO promotion(id,name,description,promotion_type_id,product_id,date_of_creation,date_of_remove,limit_time_promotion,limit_time_take_promotion,quantity_init_available,quantity_remaining,is_cumulative)VALUES(29,'Promotion du début de semaine','A ne surtout pas manquer !',1,30,SYSDATE(),null,172800000000000,7200000000000,100,5,FALSE)
INSERT INTO promotion(id,name,description,promotion_type_id,product_id,date_of_creation,date_of_remove,limit_time_promotion,limit_time_take_promotion,quantity_init_available,quantity_remaining,is_cumulative)VALUES(166,'Promotion du début de semaine','A ne surtout pas manquer !',1,31,SYSDATE(),null,172800000000000,7200000000000,100,5,FALSE)
INSERT INTO promotion(id,name,description,promotion_type_id,product_id,date_of_creation,date_of_remove,limit_time_promotion,limit_time_take_promotion,quantity_init_available,quantity_remaining,is_cumulative)VALUES(167,'Promotion du début de semaine','A ne surtout pas manquer !',2,32,SYSDATE(),null,172800000000000,7200000000000,100,5,FALSE)
INSERT INTO promotion(id,name,description,promotion_type_id,product_id,date_of_creation,date_of_remove,limit_time_promotion,limit_time_take_promotion,quantity_init_available,quantity_remaining,is_cumulative)VALUES(168,'Promotion du début de semaine','A ne surtout pas manquer !',3,33,SYSDATE(),null,172800000000000,7200000000000,100,5,FALSE)
INSERT INTO promotion(id,name,description,promotion_type_id,product_id,date_of_creation,date_of_remove,limit_time_promotion,limit_time_take_promotion,quantity_init_available,quantity_remaining,is_cumulative)VALUES(169,'Promotion du début de semaine','A ne surtout pas manquer !',4,34,SYSDATE(),null,172800000000000,7200000000000,100,5,FALSE)
INSERT INTO promotion(id,name,description,promotion_type_id,product_id,date_of_creation,date_of_remove,limit_time_promotion,limit_time_take_promotion,quantity_init_available,quantity_remaining,is_cumulative)VALUES(170,'Promotion du début de semaine','A ne surtout pas manquer !',5,35,SYSDATE(),null,172800000000000,7200000000000,100,5,FALSE)
INSERT INTO promotion(id,name,description,promotion_type_id,product_id,date_of_creation,date_of_remove,limit_time_promotion,limit_time_take_promotion,quantity_init_available,quantity_remaining,is_cumulative)VALUES(171,'Promotion du début de semaine','A ne surtout pas manquer !',6,36,SYSDATE(),null,172800000000000,7200000000000,100,5,FALSE)
INSERT INTO promotion(id,name,description,promotion_type_id,product_id,date_of_creation,date_of_remove,limit_time_promotion,limit_time_take_promotion,quantity_init_available,quantity_remaining,is_cumulative)VALUES(172,'Promotion du début de semaine','A ne surtout pas manquer !',7,37,SYSDATE(),null,172800000000000,7200000000000,100,5,FALSE)
INSERT INTO promotion(id,name,description,promotion_type_id,product_id,date_of_creation,date_of_remove,limit_time_promotion,limit_time_take_promotion,quantity_init_available,quantity_remaining,is_cumulative)VALUES(173,'Promotion du début de semaine','A ne surtout pas manquer !',8,38,SYSDATE(),null,172800000000000,7200000000000,100,5,FALSE)
INSERT INTO promotion(id,name,description,promotion_type_id,product_id,date_of_creation,date_of_remove,limit_time_promotion,limit_time_take_promotion,quantity_init_available,quantity_remaining,is_cumulative)VALUES(174,'Promotion du début de semaine','A ne surtout pas manquer !',9,39,SYSDATE(),null,172800000000000,7200000000000,100,5,FALSE)
INSERT INTO promotion(id,name,description,promotion_type_id,product_id,date_of_creation,date_of_remove,limit_time_promotion,limit_time_take_promotion,quantity_init_available,quantity_remaining,is_cumulative)VALUES(175,'Promotion du début de semaine','A ne surtout pas manquer !',10,40,SYSDATE(),null,172800000000000,7200000000000,100,5,FALSE)
INSERT INTO promotion(id,name,description,promotion_type_id,product_id,date_of_creation,date_of_remove,limit_time_promotion,limit_time_take_promotion,quantity_init_available,quantity_remaining,is_cumulative)VALUES(176,'Promotion du début de semaine','A ne surtout pas manquer !',11,41,SYSDATE(),null,172800000000000,7200000000000,100,5,FALSE)
INSERT INTO promotion(id,name,description,promotion_type_id,product_id,date_of_creation,date_of_remove,limit_time_promotion,limit_time_take_promotion,quantity_init_available,quantity_remaining,is_cumulative)VALUES(177,'Promotion du début de semaine','A ne surtout pas manquer !',12,42,SYSDATE(),null,172800000000000,7200000000000,100,5,FALSE)
INSERT INTO promotion(id,name,description,promotion_type_id,product_id,date_of_creation,date_of_remove,limit_time_promotion,limit_time_take_promotion,quantity_init_available,quantity_remaining,is_cumulative)VALUES(178,'Promotion du début de semaine','A ne surtout pas manquer !',13,43,SYSDATE(),null,172800000000000,7200000000000,100,5,FALSE)
INSERT INTO promotion(id,name,description,promotion_type_id,product_id,date_of_creation,date_of_remove,limit_time_promotion,limit_time_take_promotion,quantity_init_available,quantity_remaining,is_cumulative)VALUES(179,'Promotion du début de semaine','A ne surtout pas manquer !',14,44,SYSDATE(),null,172800000000000,7200000000000,100,5,FALSE)
INSERT INTO promotion(id,name,description,promotion_type_id,product_id,date_of_creation,date_of_remove,limit_time_promotion,limit_time_take_promotion,quantity_init_available,quantity_remaining,is_cumulative)VALUES(180,'Promotion du début de semaine','A ne surtout pas manquer !',1,45,SYSDATE(),null,172800000000000,7200000000000,100,5,FALSE)
INSERT INTO promotion(id,name,description,promotion_type_id,product_id,date_of_creation,date_of_remove,limit_time_promotion,limit_time_take_promotion,quantity_init_available,quantity_remaining,is_cumulative)VALUES(181,'Promotion du début de semaine','A ne surtout pas manquer !',2,46,SYSDATE(),null,172800000000000,7200000000000,100,5,FALSE)
INSERT INTO promotion(id,name,description,promotion_type_id,product_id,date_of_creation,date_of_remove,limit_time_promotion,limit_time_take_promotion,quantity_init_available,quantity_remaining,is_cumulative)VALUES(182,'Promotion du début de semaine','A ne surtout pas manquer !',3,47,SYSDATE(),null,172800000000000,7200000000000,100,5,FALSE)
INSERT INTO promotion(id,name,description,promotion_type_id,product_id,date_of_creation,date_of_remove,limit_time_promotion,limit_time_take_promotion,quantity_init_available,quantity_remaining,is_cumulative)VALUES(183,'Promotion du début de semaine','A ne surtout pas manquer !',4,48,SYSDATE(),null,172800000000000,7200000000000,100,5,FALSE)
INSERT INTO promotion(id,name,description,promotion_type_id,product_id,date_of_creation,date_of_remove,limit_time_promotion,limit_time_take_promotion,quantity_init_available,quantity_remaining,is_cumulative)VALUES(184,'Promotion du début de semaine','A ne surtout pas manquer !',5,49,SYSDATE(),null,172800000000000,7200000000000,100,5,FALSE)
INSERT INTO promotion(id,name,description,promotion_type_id,product_id,date_of_creation,date_of_remove,limit_time_promotion,limit_time_take_promotion,quantity_init_available,quantity_remaining,is_cumulative)VALUES(185,'Promotion du début de semaine','A ne surtout pas manquer !',6,50,SYSDATE(),null,172800000000000,7200000000000,100,5,FALSE)
INSERT INTO promotion(id,name,description,promotion_type_id,product_id,date_of_creation,date_of_remove,limit_time_promotion,limit_time_take_promotion,quantity_init_available,quantity_remaining,is_cumulative)VALUES(186,'Promotion du début de semaine','A ne surtout pas manquer !',7,51,SYSDATE(),null,172800000000000,7200000000000,100,5,FALSE)
INSERT INTO promotion(id,name,description,promotion_type_id,product_id,date_of_creation,date_of_remove,limit_time_promotion,limit_time_take_promotion,quantity_init_available,quantity_remaining,is_cumulative)VALUES(187,'Promotion du début de semaine','A ne surtout pas manquer !',8,52,SYSDATE(),null,172800000000000,7200000000000,100,5,FALSE)
INSERT INTO promotion(id,name,description,promotion_type_id,product_id,date_of_creation,date_of_remove,limit_time_promotion,limit_time_take_promotion,quantity_init_available,quantity_remaining,is_cumulative)VALUES(188,'Promotion du début de semaine','A ne surtout pas manquer !',9,53,SYSDATE(),null,172800000000000,7200000000000,100,5,FALSE)
INSERT INTO promotion(id,name,description,promotion_type_id,product_id,date_of_creation,date_of_remove,limit_time_promotion,limit_time_take_promotion,quantity_init_available,quantity_remaining,is_cumulative)VALUES(189,'Promotion du début de semaine','A ne surtout pas manquer !',10,54,SYSDATE(),null,172800000000000,7200000000000,100,5,FALSE)
INSERT INTO promotion(id,name,description,promotion_type_id,product_id,date_of_creation,date_of_remove,limit_time_promotion,limit_time_take_promotion,quantity_init_available,quantity_remaining,is_cumulative)VALUES(190,'Promotion du début de semaine','A ne surtout pas manquer !',11,55,SYSDATE(),null,172800000000000,7200000000000,100,5,FALSE)
INSERT INTO promotion(id,name,description,promotion_type_id,product_id,date_of_creation,date_of_remove,limit_time_promotion,limit_time_take_promotion,quantity_init_available,quantity_remaining,is_cumulative)VALUES(191,'Promotion du début de semaine','A ne surtout pas manquer !',12,56,SYSDATE(),null,172800000000000,7200000000000,100,5,FALSE)
INSERT INTO promotion(id,name,description,promotion_type_id,product_id,date_of_creation,date_of_remove,limit_time_promotion,limit_time_take_promotion,quantity_init_available,quantity_remaining,is_cumulative)VALUES(192,'Promotion du début de semaine','A ne surtout pas manquer !',13,57,SYSDATE(),null,172800000000000,7200000000000,100,5,FALSE)
INSERT INTO promotion(id,name,description,promotion_type_id,product_id,date_of_creation,date_of_remove,limit_time_promotion,limit_time_take_promotion,quantity_init_available,quantity_remaining,is_cumulative)VALUES(193,'Promotion du début de semaine','A ne surtout pas manquer !',14,58,SYSDATE(),null,172800000000000,7200000000000,100,5,FALSE)
INSERT INTO promotion(id,name,description,promotion_type_id,product_id,date_of_creation,date_of_remove,limit_time_promotion,limit_time_take_promotion,quantity_init_available,quantity_remaining,is_cumulative)VALUES(194,'Promotion du début de semaine','A ne surtout pas manquer !',1,59,SYSDATE(),null,172800000000000,7200000000000,100,5,FALSE)
INSERT INTO promotion(id,name,description,promotion_type_id,product_id,date_of_creation,date_of_remove,limit_time_promotion,limit_time_take_promotion,quantity_init_available,quantity_remaining,is_cumulative)VALUES(195,'Promotion du début de semaine','A ne surtout pas manquer !',2,60,SYSDATE(),null,172800000000000,7200000000000,100,5,FALSE)
INSERT INTO promotion(id,name,description,promotion_type_id,product_id,date_of_creation,date_of_remove,limit_time_promotion,limit_time_take_promotion,quantity_init_available,quantity_remaining,is_cumulative)VALUES(196,'Promotion du début de semaine','A ne surtout pas manquer !',3,61,SYSDATE(),null,172800000000000,7200000000000,100,5,FALSE)
INSERT INTO promotion(id,name,description,promotion_type_id,product_id,date_of_creation,date_of_remove,limit_time_promotion,limit_time_take_promotion,quantity_init_available,quantity_remaining,is_cumulative)VALUES(197,'Promotion du début de semaine','A ne surtout pas manquer !',4,62,SYSDATE(),null,172800000000000,7200000000000,100,5,FALSE)
INSERT INTO promotion(id,name,description,promotion_type_id,product_id,date_of_creation,date_of_remove,limit_time_promotion,limit_time_take_promotion,quantity_init_available,quantity_remaining,is_cumulative)VALUES(198,'Promotion du début de semaine','A ne surtout pas manquer !',5,63,SYSDATE(),null,172800000000000,7200000000000,100,5,FALSE)
INSERT INTO promotion(id,name,description,promotion_type_id,product_id,date_of_creation,date_of_remove,limit_time_promotion,limit_time_take_promotion,quantity_init_available,quantity_remaining,is_cumulative)VALUES(199,'Promotion du début de semaine','A ne surtout pas manquer !',6,64,SYSDATE(),null,172800000000000,7200000000000,100,5,FALSE)
INSERT INTO promotion(id,name,description,promotion_type_id,product_id,date_of_creation,date_of_remove,limit_time_promotion,limit_time_take_promotion,quantity_init_available,quantity_remaining,is_cumulative)VALUES(200,'Promotion du début de semaine','A ne surtout pas manquer !',7,65,SYSDATE(),null,172800000000000,7200000000000,100,5,FALSE)
INSERT INTO promotion(id,name,description,promotion_type_id,product_id,date_of_creation,date_of_remove,limit_time_promotion,limit_time_take_promotion,quantity_init_available,quantity_remaining,is_cumulative)VALUES(201,'Promotion du début de semaine','A ne surtout pas manquer !',8,66,SYSDATE(),null,172800000000000,7200000000000,100,5,FALSE)
INSERT INTO promotion(id,name,description,promotion_type_id,product_id,date_of_creation,date_of_remove,limit_time_promotion,limit_time_take_promotion,quantity_init_available,quantity_remaining,is_cumulative)VALUES(202,'Promotion du début de semaine','A ne surtout pas manquer !',9,67,SYSDATE(),null,172800000000000,7200000000000,100,5,FALSE)
INSERT INTO promotion(id,name,description,promotion_type_id,product_id,date_of_creation,date_of_remove,limit_time_promotion,limit_time_take_promotion,quantity_init_available,quantity_remaining,is_cumulative)VALUES(203,'Promotion du début de semaine','A ne surtout pas manquer !',10,68,SYSDATE(),null,172800000000000,7200000000000,100,5,FALSE)
INSERT INTO promotion(id,name,description,promotion_type_id,product_id,date_of_creation,date_of_remove,limit_time_promotion,limit_time_take_promotion,quantity_init_available,quantity_remaining,is_cumulative)VALUES(204,'Promotion du début de semaine','A ne surtout pas manquer !',11,69,SYSDATE(),null,172800000000000,7200000000000,100,5,FALSE)
INSERT INTO promotion(id,name,description,promotion_type_id,product_id,date_of_creation,date_of_remove,limit_time_promotion,limit_time_take_promotion,quantity_init_available,quantity_remaining,is_cumulative)VALUES(205,'Promotion du début de semaine','A ne surtout pas manquer !',12,70,SYSDATE(),null,172800000000000,7200000000000,100,5,FALSE)
INSERT INTO promotion(id,name,description,promotion_type_id,product_id,date_of_creation,date_of_remove,limit_time_promotion,limit_time_take_promotion,quantity_init_available,quantity_remaining,is_cumulative)VALUES(206,'Promotion du début de semaine','A ne surtout pas manquer !',13,71,SYSDATE(),null,172800000000000,7200000000000,100,5,FALSE)
INSERT INTO promotion(id,name,description,promotion_type_id,product_id,date_of_creation,date_of_remove,limit_time_promotion,limit_time_take_promotion,quantity_init_available,quantity_remaining,is_cumulative)VALUES(207,'Promotion du début de semaine','A ne surtout pas manquer !',14,72,SYSDATE(),null,172800000000000,7200000000000,100,5,FALSE)
INSERT INTO promotion(id,name,description,promotion_type_id,product_id,date_of_creation,date_of_remove,limit_time_promotion,limit_time_take_promotion,quantity_init_available,quantity_remaining,is_cumulative)VALUES(208,'Promotion du début de semaine','A ne surtout pas manquer !',1,73,SYSDATE(),null,172800000000000,7200000000000,100,5,FALSE)
INSERT INTO promotion(id,name,description,promotion_type_id,product_id,date_of_creation,date_of_remove,limit_time_promotion,limit_time_take_promotion,quantity_init_available,quantity_remaining,is_cumulative)VALUES(209,'Promotion du début de semaine','A ne surtout pas manquer !',2,74,SYSDATE(),null,172800000000000,7200000000000,100,5,FALSE)
INSERT INTO promotion(id,name,description,promotion_type_id,product_id,date_of_creation,date_of_remove,limit_time_promotion,limit_time_take_promotion,quantity_init_available,quantity_remaining,is_cumulative)VALUES(210,'Promotion du début de semaine','A ne surtout pas manquer !',3,75,SYSDATE(),null,172800000000000,7200000000000,100,5,FALSE)
INSERT INTO promotion(id,name,description,promotion_type_id,product_id,date_of_creation,date_of_remove,limit_time_promotion,limit_time_take_promotion,quantity_init_available,quantity_remaining,is_cumulative)VALUES(211,'Promotion du début de semaine','A ne surtout pas manquer !',4,76,SYSDATE(),null,172800000000000,7200000000000,100,5,FALSE)
INSERT INTO promotion(id,name,description,promotion_type_id,product_id,date_of_creation,date_of_remove,limit_time_promotion,limit_time_take_promotion,quantity_init_available,quantity_remaining,is_cumulative)VALUES(212,'Promotion du début de semaine','A ne surtout pas manquer !',5,77,SYSDATE(),null,172800000000000,7200000000000,100,5,FALSE)
INSERT INTO promotion(id,name,description,promotion_type_id,product_id,date_of_creation,date_of_remove,limit_time_promotion,limit_time_take_promotion,quantity_init_available,quantity_remaining,is_cumulative)VALUES(213,'Promotion du début de semaine','A ne surtout pas manquer !',6,78,SYSDATE(),null,172800000000000,7200000000000,100,5,FALSE)
INSERT INTO promotion(id,name,description,promotion_type_id,product_id,date_of_creation,date_of_remove,limit_time_promotion,limit_time_take_promotion,quantity_init_available,quantity_remaining,is_cumulative)VALUES(214,'Promotion du début de semaine','A ne surtout pas manquer !',7,79,SYSDATE(),null,172800000000000,7200000000000,100,5,FALSE)
INSERT INTO promotion(id,name,description,promotion_type_id,product_id,date_of_creation,date_of_remove,limit_time_promotion,limit_time_take_promotion,quantity_init_available,quantity_remaining,is_cumulative)VALUES(215,'Promotion du début de semaine','A ne surtout pas manquer !',8,80,SYSDATE(),null,172800000000000,7200000000000,100,5,FALSE)
INSERT INTO promotion(id,name,description,promotion_type_id,product_id,date_of_creation,date_of_remove,limit_time_promotion,limit_time_take_promotion,quantity_init_available,quantity_remaining,is_cumulative)VALUES(216,'Promotion du début de semaine','A ne surtout pas manquer !',9,81,SYSDATE(),null,172800000000000,7200000000000,100,5,FALSE)
INSERT INTO promotion(id,name,description,promotion_type_id,product_id,date_of_creation,date_of_remove,limit_time_promotion,limit_time_take_promotion,quantity_init_available,quantity_remaining,is_cumulative)VALUES(217,'Promotion du début de semaine','A ne surtout pas manquer !',10,82,SYSDATE(),null,172800000000000,7200000000000,100,5,FALSE)
INSERT INTO promotion(id,name,description,promotion_type_id,product_id,date_of_creation,date_of_remove,limit_time_promotion,limit_time_take_promotion,quantity_init_available,quantity_remaining,is_cumulative)VALUES(218,'Promotion du début de semaine','A ne surtout pas manquer !',11,83,SYSDATE(),null,172800000000000,7200000000000,100,5,FALSE)
INSERT INTO promotion(id,name,description,promotion_type_id,product_id,date_of_creation,date_of_remove,limit_time_promotion,limit_time_take_promotion,quantity_init_available,quantity_remaining,is_cumulative)VALUES(219,'Promotion du début de semaine','A ne surtout pas manquer !',12,84,SYSDATE(),null,172800000000000,7200000000000,100,5,FALSE)
INSERT INTO promotion(id,name,description,promotion_type_id,product_id,date_of_creation,date_of_remove,limit_time_promotion,limit_time_take_promotion,quantity_init_available,quantity_remaining,is_cumulative)VALUES(220,'Promotion du début de semaine','A ne surtout pas manquer !',13,85,SYSDATE(),null,172800000000000,7200000000000,100,5,FALSE)
INSERT INTO promotion(id,name,description,promotion_type_id,product_id,date_of_creation,date_of_remove,limit_time_promotion,limit_time_take_promotion,quantity_init_available,quantity_remaining,is_cumulative)VALUES(221,'Promotion du début de semaine','A ne surtout pas manquer !',14,86,SYSDATE(),null,172800000000000,7200000000000,100,5,FALSE)
INSERT INTO promotion(id,name,description,promotion_type_id,product_id,date_of_creation,date_of_remove,limit_time_promotion,limit_time_take_promotion,quantity_init_available,quantity_remaining,is_cumulative)VALUES(222,'Promotion du début de semaine','A ne surtout pas manquer !',1,87,SYSDATE(),null,172800000000000,7200000000000,100,5,FALSE)
INSERT INTO promotion(id,name,description,promotion_type_id,product_id,date_of_creation,date_of_remove,limit_time_promotion,limit_time_take_promotion,quantity_init_available,quantity_remaining,is_cumulative)VALUES(223,'Promotion du début de semaine','A ne surtout pas manquer !',2,88,SYSDATE(),null,172800000000000,7200000000000,100,5,FALSE)
INSERT INTO promotion(id,name,description,promotion_type_id,product_id,date_of_creation,date_of_remove,limit_time_promotion,limit_time_take_promotion,quantity_init_available,quantity_remaining,is_cumulative)VALUES(224,'Promotion du début de semaine','A ne surtout pas manquer !',3,89,SYSDATE(),null,172800000000000,7200000000000,100,5,FALSE)
INSERT INTO promotion(id,name,description,promotion_type_id,product_id,date_of_creation,date_of_remove,limit_time_promotion,limit_time_take_promotion,quantity_init_available,quantity_remaining,is_cumulative)VALUES(225,'Promotion du début de semaine','A ne surtout pas manquer !',4,90,SYSDATE(),null,172800000000000,7200000000000,100,5,FALSE)
INSERT INTO promotion(id,name,description,promotion_type_id,product_id,date_of_creation,date_of_remove,limit_time_promotion,limit_time_take_promotion,quantity_init_available,quantity_remaining,is_cumulative)VALUES(226,'Promotion du début de semaine','A ne surtout pas manquer !',5,91,SYSDATE(),null,172800000000000,7200000000000,100,5,FALSE)
INSERT INTO promotion(id,name,description,promotion_type_id,product_id,date_of_creation,date_of_remove,limit_time_promotion,limit_time_take_promotion,quantity_init_available,quantity_remaining,is_cumulative)VALUES(227,'Promotion du début de semaine','A ne surtout pas manquer !',6,92,SYSDATE(),null,172800000000000,7200000000000,100,5,FALSE)
INSERT INTO promotion(id,name,description,promotion_type_id,product_id,date_of_creation,date_of_remove,limit_time_promotion,limit_time_take_promotion,quantity_init_available,quantity_remaining,is_cumulative)VALUES(228,'Promotion du début de semaine','A ne surtout pas manquer !',7,93,SYSDATE(),null,172800000000000,7200000000000,100,5,FALSE)
INSERT INTO promotion(id,name,description,promotion_type_id,product_id,date_of_creation,date_of_remove,limit_time_promotion,limit_time_take_promotion,quantity_init_available,quantity_remaining,is_cumulative)VALUES(229,'Promotion du début de semaine','A ne surtout pas manquer !',8,94,SYSDATE(),null,172800000000000,7200000000000,100,5,FALSE)
INSERT INTO promotion(id,name,description,promotion_type_id,product_id,date_of_creation,date_of_remove,limit_time_promotion,limit_time_take_promotion,quantity_init_available,quantity_remaining,is_cumulative)VALUES(230,'Promotion du début de semaine','A ne surtout pas manquer !',9,95,SYSDATE(),null,172800000000000,7200000000000,100,5,FALSE)
INSERT INTO promotion(id,name,description,promotion_type_id,product_id,date_of_creation,date_of_remove,limit_time_promotion,limit_time_take_promotion,quantity_init_available,quantity_remaining,is_cumulative)VALUES(231,'Promotion du début de semaine','A ne surtout pas manquer !',10,96,SYSDATE(),null,172800000000000,7200000000000,100,5,FALSE)
INSERT INTO promotion(id,name,description,promotion_type_id,product_id,date_of_creation,date_of_remove,limit_time_promotion,limit_time_take_promotion,quantity_init_available,quantity_remaining,is_cumulative)VALUES(232,'Promotion du début de semaine','A ne surtout pas manquer !',11,97,SYSDATE(),null,172800000000000,7200000000000,100,5,FALSE)
INSERT INTO promotion(id,name,description,promotion_type_id,product_id,date_of_creation,date_of_remove,limit_time_promotion,limit_time_take_promotion,quantity_init_available,quantity_remaining,is_cumulative)VALUES(233,'Promotion du début de semaine','A ne surtout pas manquer !',12,98,SYSDATE(),null,172800000000000,7200000000000,100,5,FALSE)
INSERT INTO promotion(id,name,description,promotion_type_id,product_id,date_of_creation,date_of_remove,limit_time_promotion,limit_time_take_promotion,quantity_init_available,quantity_remaining,is_cumulative)VALUES(234,'Promotion du début de semaine','A ne surtout pas manquer !',13,99,SYSDATE(),null,172800000000000,7200000000000,100,5,FALSE)
INSERT INTO promotion(id,name,description,promotion_type_id,product_id,date_of_creation,date_of_remove,limit_time_promotion,limit_time_take_promotion,quantity_init_available,quantity_remaining,is_cumulative)VALUES(235,'Promotion du début de semaine','A ne surtout pas manquer !',14,100,SYSDATE(),null,172800000000000,7200000000000,100,5,FALSE)
INSERT INTO promotion(id,name,description,promotion_type_id,product_id,date_of_creation,date_of_remove,limit_time_promotion,limit_time_take_promotion,quantity_init_available,quantity_remaining,is_cumulative)VALUES(236,'Promotion du début de semaine','A ne surtout pas manquer !',1,101,SYSDATE(),null,172800000000000,7200000000000,100,5,FALSE)
INSERT INTO promotion(id,name,description,promotion_type_id,product_id,date_of_creation,date_of_remove,limit_time_promotion,limit_time_take_promotion,quantity_init_available,quantity_remaining,is_cumulative)VALUES(237,'Promotion du début de semaine','A ne surtout pas manquer !',2,102,SYSDATE(),null,172800000000000,7200000000000,100,5,FALSE)
INSERT INTO promotion(id,name,description,promotion_type_id,product_id,date_of_creation,date_of_remove,limit_time_promotion,limit_time_take_promotion,quantity_init_available,quantity_remaining,is_cumulative)VALUES(238,'Promotion du début de semaine','A ne surtout pas manquer !',3,103,SYSDATE(),null,172800000000000,7200000000000,100,5,FALSE)
INSERT INTO promotion(id,name,description,promotion_type_id,product_id,date_of_creation,date_of_remove,limit_time_promotion,limit_time_take_promotion,quantity_init_available,quantity_remaining,is_cumulative)VALUES(239,'Promotion du début de semaine','A ne surtout pas manquer !',4,104,SYSDATE(),null,172800000000000,7200000000000,100,5,FALSE)
INSERT INTO promotion(id,name,description,promotion_type_id,product_id,date_of_creation,date_of_remove,limit_time_promotion,limit_time_take_promotion,quantity_init_available,quantity_remaining,is_cumulative)VALUES(240,'Promotion du début de semaine','A ne surtout pas manquer !',5,105,SYSDATE(),null,172800000000000,7200000000000,100,5,FALSE)
INSERT INTO promotion(id,name,description,promotion_type_id,product_id,date_of_creation,date_of_remove,limit_time_promotion,limit_time_take_promotion,quantity_init_available,quantity_remaining,is_cumulative)VALUES(241,'Promotion du début de semaine','A ne surtout pas manquer !',6,106,SYSDATE(),null,172800000000000,7200000000000,100,5,FALSE)
INSERT INTO promotion(id,name,description,promotion_type_id,product_id,date_of_creation,date_of_remove,limit_time_promotion,limit_time_take_promotion,quantity_init_available,quantity_remaining,is_cumulative)VALUES(242,'Promotion du début de semaine','A ne surtout pas manquer !',7,107,SYSDATE(),null,172800000000000,7200000000000,100,5,FALSE)
INSERT INTO promotion(id,name,description,promotion_type_id,product_id,date_of_creation,date_of_remove,limit_time_promotion,limit_time_take_promotion,quantity_init_available,quantity_remaining,is_cumulative)VALUES(243,'Promotion du début de semaine','A ne surtout pas manquer !',8,108,SYSDATE(),null,172800000000000,7200000000000,100,5,FALSE)
INSERT INTO promotion(id,name,description,promotion_type_id,product_id,date_of_creation,date_of_remove,limit_time_promotion,limit_time_take_promotion,quantity_init_available,quantity_remaining,is_cumulative)VALUES(244,'Promotion du début de semaine','A ne surtout pas manquer !',9,109,SYSDATE(),null,172800000000000,7200000000000,100,5,FALSE)
INSERT INTO promotion(id,name,description,promotion_type_id,product_id,date_of_creation,date_of_remove,limit_time_promotion,limit_time_take_promotion,quantity_init_available,quantity_remaining,is_cumulative)VALUES(245,'Promotion du début de semaine','A ne surtout pas manquer !',10,110,SYSDATE(),null,172800000000000,7200000000000,100,5,FALSE)
INSERT INTO promotion(id,name,description,promotion_type_id,product_id,date_of_creation,date_of_remove,limit_time_promotion,limit_time_take_promotion,quantity_init_available,quantity_remaining,is_cumulative)VALUES(246,'Promotion du début de semaine','A ne surtout pas manquer !',11,111,SYSDATE(),null,172800000000000,7200000000000,100,5,FALSE)
INSERT INTO promotion(id,name,description,promotion_type_id,product_id,date_of_creation,date_of_remove,limit_time_promotion,limit_time_take_promotion,quantity_init_available,quantity_remaining,is_cumulative)VALUES(247,'Promotion du début de semaine','A ne surtout pas manquer !',12,112,SYSDATE(),null,172800000000000,7200000000000,100,5,FALSE)
INSERT INTO promotion(id,name,description,promotion_type_id,product_id,date_of_creation,date_of_remove,limit_time_promotion,limit_time_take_promotion,quantity_init_available,quantity_remaining,is_cumulative)VALUES(248,'Promotion du début de semaine','A ne surtout pas manquer !',13,113,SYSDATE(),null,172800000000000,7200000000000,100,5,FALSE)
INSERT INTO promotion(id,name,description,promotion_type_id,product_id,date_of_creation,date_of_remove,limit_time_promotion,limit_time_take_promotion,quantity_init_available,quantity_remaining,is_cumulative)VALUES(249,'Promotion du début de semaine','A ne surtout pas manquer !',14,114,SYSDATE(),null,172800000000000,7200000000000,100,5,FALSE)
INSERT INTO promotion(id,name,description,promotion_type_id,product_id,date_of_creation,date_of_remove,limit_time_promotion,limit_time_take_promotion,quantity_init_available,quantity_remaining,is_cumulative)VALUES(250,'Promotion du début de semaine','A ne surtout pas manquer !',1,115,SYSDATE(),null,172800000000000,7200000000000,100,5,FALSE)
INSERT INTO promotion(id,name,description,promotion_type_id,product_id,date_of_creation,date_of_remove,limit_time_promotion,limit_time_take_promotion,quantity_init_available,quantity_remaining,is_cumulative)VALUES(251,'Promotion du début de semaine','A ne surtout pas manquer !',2,116,SYSDATE(),null,172800000000000,7200000000000,100,5,FALSE)
INSERT INTO promotion(id,name,description,promotion_type_id,product_id,date_of_creation,date_of_remove,limit_time_promotion,limit_time_take_promotion,quantity_init_available,quantity_remaining,is_cumulative)VALUES(252,'Promotion du début de semaine','A ne surtout pas manquer !',3,117,SYSDATE(),null,172800000000000,7200000000000,100,5,FALSE)
INSERT INTO promotion(id,name,description,promotion_type_id,product_id,date_of_creation,date_of_remove,limit_time_promotion,limit_time_take_promotion,quantity_init_available,quantity_remaining,is_cumulative)VALUES(253,'Promotion du début de semaine','A ne surtout pas manquer !',4,118,SYSDATE(),null,172800000000000,7200000000000,100,5,FALSE)
INSERT INTO promotion(id,name,description,promotion_type_id,product_id,date_of_creation,date_of_remove,limit_time_promotion,limit_time_take_promotion,quantity_init_available,quantity_remaining,is_cumulative)VALUES(254,'Promotion du début de semaine','A ne surtout pas manquer !',5,119,SYSDATE(),null,172800000000000,7200000000000,100,5,FALSE)
INSERT INTO promotion(id,name,description,promotion_type_id,product_id,date_of_creation,date_of_remove,limit_time_promotion,limit_time_take_promotion,quantity_init_available,quantity_remaining,is_cumulative)VALUES(255,'Promotion du début de semaine','A ne surtout pas manquer !',6,120,SYSDATE(),null,172800000000000,7200000000000,100,5,FALSE)
INSERT INTO promotion(id,name,description,promotion_type_id,product_id,date_of_creation,date_of_remove,limit_time_promotion,limit_time_take_promotion,quantity_init_available,quantity_remaining,is_cumulative)VALUES(256,'Promotion du début de semaine','A ne surtout pas manquer !',7,121,SYSDATE(),null,172800000000000,7200000000000,100,5,FALSE)
INSERT INTO promotion(id,name,description,promotion_type_id,product_id,date_of_creation,date_of_remove,limit_time_promotion,limit_time_take_promotion,quantity_init_available,quantity_remaining,is_cumulative)VALUES(257,'Promotion du début de semaine','A ne surtout pas manquer !',8,122,SYSDATE(),null,172800000000000,7200000000000,100,5,FALSE)
INSERT INTO promotion(id,name,description,promotion_type_id,product_id,date_of_creation,date_of_remove,limit_time_promotion,limit_time_take_promotion,quantity_init_available,quantity_remaining,is_cumulative)VALUES(258,'Promotion du début de semaine','A ne surtout pas manquer !',9,123,SYSDATE(),null,172800000000000,7200000000000,100,5,FALSE)
INSERT INTO promotion(id,name,description,promotion_type_id,product_id,date_of_creation,date_of_remove,limit_time_promotion,limit_time_take_promotion,quantity_init_available,quantity_remaining,is_cumulative)VALUES(259,'Promotion du début de semaine','A ne surtout pas manquer !',10,124,SYSDATE(),null,172800000000000,7200000000000,100,5,FALSE)
INSERT INTO promotion(id,name,description,promotion_type_id,product_id,date_of_creation,date_of_remove,limit_time_promotion,limit_time_take_promotion,quantity_init_available,quantity_remaining,is_cumulative)VALUES(260,'Promotion du début de semaine','A ne surtout pas manquer !',11,125,SYSDATE(),null,172800000000000,7200000000000,100,5,FALSE)
INSERT INTO promotion(id,name,description,promotion_type_id,product_id,date_of_creation,date_of_remove,limit_time_promotion,limit_time_take_promotion,quantity_init_available,quantity_remaining,is_cumulative)VALUES(261,'Promotion du début de semaine','A ne surtout pas manquer !',12,126,SYSDATE(),null,172800000000000,7200000000000,100,5,FALSE)
INSERT INTO promotion(id,name,description,promotion_type_id,product_id,date_of_creation,date_of_remove,limit_time_promotion,limit_time_take_promotion,quantity_init_available,quantity_remaining,is_cumulative)VALUES(262,'Promotion du début de semaine','A ne surtout pas manquer !',13,127,SYSDATE(),null,172800000000000,7200000000000,100,5,FALSE)
INSERT INTO promotion(id,name,description,promotion_type_id,product_id,date_of_creation,date_of_remove,limit_time_promotion,limit_time_take_promotion,quantity_init_available,quantity_remaining,is_cumulative)VALUES(263,'Promotion du début de semaine','A ne surtout pas manquer !',14,128,SYSDATE(),null,172800000000000,7200000000000,100,5,FALSE)
INSERT INTO promotion(id,name,description,promotion_type_id,product_id,date_of_creation,date_of_remove,limit_time_promotion,limit_time_take_promotion,quantity_init_available,quantity_remaining,is_cumulative)VALUES(264,'Promotion du début de semaine','A ne surtout pas manquer !',1,129,SYSDATE(),null,172800000000000,7200000000000,100,5,FALSE)
INSERT INTO promotion(id,name,description,promotion_type_id,product_id,date_of_creation,date_of_remove,limit_time_promotion,limit_time_take_promotion,quantity_init_available,quantity_remaining,is_cumulative)VALUES(265,'Promotion du début de semaine','A ne surtout pas manquer !',2,130,SYSDATE(),null,172800000000000,7200000000000,100,5,FALSE)
INSERT INTO promotion(id,name,description,promotion_type_id,product_id,date_of_creation,date_of_remove,limit_time_promotion,limit_time_take_promotion,quantity_init_available,quantity_remaining,is_cumulative)VALUES(266,'Promotion du début de semaine','A ne surtout pas manquer !',3,131,SYSDATE(),null,172800000000000,7200000000000,100,5,FALSE)
INSERT INTO promotion(id,name,description,promotion_type_id,product_id,date_of_creation,date_of_remove,limit_time_promotion,limit_time_take_promotion,quantity_init_available,quantity_remaining,is_cumulative)VALUES(267,'Promotion du début de semaine','A ne surtout pas manquer !',4,132,SYSDATE(),null,172800000000000,7200000000000,100,5,FALSE)
INSERT INTO promotion(id,name,description,promotion_type_id,product_id,date_of_creation,date_of_remove,limit_time_promotion,limit_time_take_promotion,quantity_init_available,quantity_remaining,is_cumulative)VALUES(268,'Promotion du début de semaine','A ne surtout pas manquer !',5,133,SYSDATE(),null,172800000000000,7200000000000,100,5,FALSE)
INSERT INTO promotion(id,name,description,promotion_type_id,product_id,date_of_creation,date_of_remove,limit_time_promotion,limit_time_take_promotion,quantity_init_available,quantity_remaining,is_cumulative)VALUES(269,'Promotion du début de semaine','A ne surtout pas manquer !',6,134,SYSDATE(),null,172800000000000,7200000000000,100,5,FALSE)
INSERT INTO promotion(id,name,description,promotion_type_id,product_id,date_of_creation,date_of_remove,limit_time_promotion,limit_time_take_promotion,quantity_init_available,quantity_remaining,is_cumulative)VALUES(270,'Promotion du début de semaine','A ne surtout pas manquer !',7,135,SYSDATE(),null,172800000000000,7200000000000,100,5,FALSE)
INSERT INTO promotion(id,name,description,promotion_type_id,product_id,date_of_creation,date_of_remove,limit_time_promotion,limit_time_take_promotion,quantity_init_available,quantity_remaining,is_cumulative)VALUES(271,'Promotion du début de semaine','A ne surtout pas manquer !',8,136,SYSDATE(),null,172800000000000,7200000000000,100,5,FALSE)
INSERT INTO promotion(id,name,description,promotion_type_id,product_id,date_of_creation,date_of_remove,limit_time_promotion,limit_time_take_promotion,quantity_init_available,quantity_remaining,is_cumulative)VALUES(272,'Promotion du début de semaine','A ne surtout pas manquer !',9,137,SYSDATE(),null,172800000000000,7200000000000,100,5,FALSE)
INSERT INTO promotion(id,name,description,promotion_type_id,product_id,date_of_creation,date_of_remove,limit_time_promotion,limit_time_take_promotion,quantity_init_available,quantity_remaining,is_cumulative)VALUES(273,'Promotion du début de semaine','A ne surtout pas manquer !',10,138,SYSDATE(),null,172800000000000,7200000000000,100,5,FALSE)
INSERT INTO promotion(id,name,description,promotion_type_id,product_id,date_of_creation,date_of_remove,limit_time_promotion,limit_time_take_promotion,quantity_init_available,quantity_remaining,is_cumulative)VALUES(274,'Promotion du début de semaine','A ne surtout pas manquer !',11,139,SYSDATE(),null,172800000000000,7200000000000,100,5,FALSE)
INSERT INTO promotion(id,name,description,promotion_type_id,product_id,date_of_creation,date_of_remove,limit_time_promotion,limit_time_take_promotion,quantity_init_available,quantity_remaining,is_cumulative)VALUES(275,'Promotion du début de semaine','A ne surtout pas manquer !',12,140,SYSDATE(),null,172800000000000,7200000000000,100,5,FALSE)
INSERT INTO promotion(id,name,description,promotion_type_id,product_id,date_of_creation,date_of_remove,limit_time_promotion,limit_time_take_promotion,quantity_init_available,quantity_remaining,is_cumulative)VALUES(276,'Promotion du début de semaine','A ne surtout pas manquer !',13,141,SYSDATE(),null,172800000000000,7200000000000,100,5,FALSE)
INSERT INTO promotion(id,name,description,promotion_type_id,product_id,date_of_creation,date_of_remove,limit_time_promotion,limit_time_take_promotion,quantity_init_available,quantity_remaining,is_cumulative)VALUES(277,'Promotion du début de semaine','A ne surtout pas manquer !',14,142,SYSDATE(),null,172800000000000,7200000000000,100,5,FALSE)
INSERT INTO promotion(id,name,description,promotion_type_id,product_id,date_of_creation,date_of_remove,limit_time_promotion,limit_time_take_promotion,quantity_init_available,quantity_remaining,is_cumulative)VALUES(278,'Promotion du début de semaine','A ne surtout pas manquer !',1,143,SYSDATE(),null,172800000000000,7200000000000,100,5,FALSE)
INSERT INTO promotion(id,name,description,promotion_type_id,product_id,date_of_creation,date_of_remove,limit_time_promotion,limit_time_take_promotion,quantity_init_available,quantity_remaining,is_cumulative)VALUES(279,'Promotion du début de semaine','A ne surtout pas manquer !',2,144,SYSDATE(),null,172800000000000,7200000000000,100,5,FALSE)
INSERT INTO promotion(id,name,description,promotion_type_id,product_id,date_of_creation,date_of_remove,limit_time_promotion,limit_time_take_promotion,quantity_init_available,quantity_remaining,is_cumulative)VALUES(280,'Promotion du début de semaine','A ne surtout pas manquer !',3,145,SYSDATE(),null,172800000000000,7200000000000,100,5,FALSE)
INSERT INTO promotion(id,name,description,promotion_type_id,product_id,date_of_creation,date_of_remove,limit_time_promotion,limit_time_take_promotion,quantity_init_available,quantity_remaining,is_cumulative)VALUES(281,'Promotion du début de semaine','A ne surtout pas manquer !',4,146,SYSDATE(),null,172800000000000,7200000000000,100,5,FALSE)
INSERT INTO promotion(id,name,description,promotion_type_id,product_id,date_of_creation,date_of_remove,limit_time_promotion,limit_time_take_promotion,quantity_init_available,quantity_remaining,is_cumulative)VALUES(282,'Promotion du début de semaine','A ne surtout pas manquer !',5,147,SYSDATE(),null,172800000000000,7200000000000,100,5,FALSE)
INSERT INTO promotion(id,name,description,promotion_type_id,product_id,date_of_creation,date_of_remove,limit_time_promotion,limit_time_take_promotion,quantity_init_available,quantity_remaining,is_cumulative)VALUES(283,'Promotion du début de semaine','A ne surtout pas manquer !',6,148,SYSDATE(),null,172800000000000,7200000000000,100,5,FALSE)
INSERT INTO promotion(id,name,description,promotion_type_id,product_id,date_of_creation,date_of_remove,limit_time_promotion,limit_time_take_promotion,quantity_init_available,quantity_remaining,is_cumulative)VALUES(284,'Promotion du début de semaine','A ne surtout pas manquer !',7,149,SYSDATE(),null,172800000000000,7200000000000,100,5,FALSE)
INSERT INTO promotion(id,name,description,promotion_type_id,product_id,date_of_creation,date_of_remove,limit_time_promotion,limit_time_take_promotion,quantity_init_available,quantity_remaining,is_cumulative)VALUES(285,'Promotion du début de semaine','A ne surtout pas manquer !',8,150,SYSDATE(),null,172800000000000,7200000000000,100,5,FALSE)
INSERT INTO promotion(id,name,description,promotion_type_id,product_id,date_of_creation,date_of_remove,limit_time_promotion,limit_time_take_promotion,quantity_init_available,quantity_remaining,is_cumulative)VALUES(286,'Promotion du début de semaine','A ne surtout pas manquer !',9,151,SYSDATE(),null,172800000000000,7200000000000,100,5,FALSE)
INSERT INTO promotion(id,name,description,promotion_type_id,product_id,date_of_creation,date_of_remove,limit_time_promotion,limit_time_take_promotion,quantity_init_available,quantity_remaining,is_cumulative)VALUES(287,'Promotion du début de semaine','A ne surtout pas manquer !',10,152,SYSDATE(),null,172800000000000,7200000000000,100,5,FALSE)
INSERT INTO promotion(id,name,description,promotion_type_id,product_id,date_of_creation,date_of_remove,limit_time_promotion,limit_time_take_promotion,quantity_init_available,quantity_remaining,is_cumulative)VALUES(288,'Promotion du début de semaine','A ne surtout pas manquer !',11,153,SYSDATE(),null,172800000000000,7200000000000,100,5,FALSE)
INSERT INTO promotion(id,name,description,promotion_type_id,product_id,date_of_creation,date_of_remove,limit_time_promotion,limit_time_take_promotion,quantity_init_available,quantity_remaining,is_cumulative)VALUES(289,'Promotion du début de semaine','A ne surtout pas manquer !',12,154,SYSDATE(),null,172800000000000,7200000000000,100,5,FALSE)
INSERT INTO promotion(id,name,description,promotion_type_id,product_id,date_of_creation,date_of_remove,limit_time_promotion,limit_time_take_promotion,quantity_init_available,quantity_remaining,is_cumulative)VALUES(290,'Promotion du début de semaine','A ne surtout pas manquer !',13,155,SYSDATE(),null,172800000000000,7200000000000,100,5,FALSE)
INSERT INTO promotion(id,name,description,promotion_type_id,product_id,date_of_creation,date_of_remove,limit_time_promotion,limit_time_take_promotion,quantity_init_available,quantity_remaining,is_cumulative)VALUES(291,'Promotion du début de semaine','A ne surtout pas manquer !',14,156,SYSDATE(),null,172800000000000,7200000000000,100,5,FALSE)
INSERT INTO promotion(id,name,description,promotion_type_id,product_id,date_of_creation,date_of_remove,limit_time_promotion,limit_time_take_promotion,quantity_init_available,quantity_remaining,is_cumulative)VALUES(292,'Promotion du début de semaine','A ne surtout pas manquer !',1,157,SYSDATE(),null,172800000000000,7200000000000,100,5,FALSE)
INSERT INTO promotion(id,name,description,promotion_type_id,product_id,date_of_creation,date_of_remove,limit_time_promotion,limit_time_take_promotion,quantity_init_available,quantity_remaining,is_cumulative)VALUES(293,'Promotion du début de semaine','A ne surtout pas manquer !',2,158,SYSDATE(),null,172800000000000,7200000000000,100,5,FALSE)
INSERT INTO promotion(id,name,description,promotion_type_id,product_id,date_of_creation,date_of_remove,limit_time_promotion,limit_time_take_promotion,quantity_init_available,quantity_remaining,is_cumulative)VALUES(294,'Promotion du début de semaine','A ne surtout pas manquer !',3,159,SYSDATE(),null,172800000000000,7200000000000,100,5,FALSE)
INSERT INTO promotion(id,name,description,promotion_type_id,product_id,date_of_creation,date_of_remove,limit_time_promotion,limit_time_take_promotion,quantity_init_available,quantity_remaining,is_cumulative)VALUES(295,'Promotion du début de semaine','A ne surtout pas manquer !',4,160,SYSDATE(),null,172800000000000,7200000000000,100,5,FALSE)
INSERT INTO promotion(id,name,description,promotion_type_id,product_id,date_of_creation,date_of_remove,limit_time_promotion,limit_time_take_promotion,quantity_init_available,quantity_remaining,is_cumulative)VALUES(296,'Promotion du début de semaine','A ne surtout pas manquer !',5,161,SYSDATE(),null,172800000000000,7200000000000,100,5,FALSE)
INSERT INTO promotion(id,name,description,promotion_type_id,product_id,date_of_creation,date_of_remove,limit_time_promotion,limit_time_take_promotion,quantity_init_available,quantity_remaining,is_cumulative)VALUES(297,'Promotion du début de semaine','A ne surtout pas manquer !',6,162,SYSDATE(),null,172800000000000,7200000000000,100,5,FALSE)
INSERT INTO promotion(id,name,description,promotion_type_id,product_id,date_of_creation,date_of_remove,limit_time_promotion,limit_time_take_promotion,quantity_init_available,quantity_remaining,is_cumulative)VALUES(298,'Promotion du début de semaine','A ne surtout pas manquer !',7,163,SYSDATE(),null,172800000000000,7200000000000,100,5,FALSE)
INSERT INTO promotion(id,name,description,promotion_type_id,product_id,date_of_creation,date_of_remove,limit_time_promotion,limit_time_take_promotion,quantity_init_available,quantity_remaining,is_cumulative)VALUES(299,'Promotion du début de semaine','A ne surtout pas manquer !',8,164,SYSDATE(),null,172800000000000,7200000000000,100,5,FALSE)
INSERT INTO promotion(id,name,description,promotion_type_id,product_id,date_of_creation,date_of_remove,limit_time_promotion,limit_time_take_promotion,quantity_init_available,quantity_remaining,is_cumulative)VALUES(300,'Promotion du début de semaine','A ne surtout pas manquer !',9,165,SYSDATE(),null,172800000000000,7200000000000,100,5,FALSE)

INSERT INTO publish(id, promotion_id,publish_date,cancel_publish_date,reason_cancel_publish_promo_id)VALUES(1, 15,SYSDATE(),null,null)
INSERT INTO publish(id, promotion_id,publish_date,cancel_publish_date,reason_cancel_publish_promo_id)VALUES(2, 16,SYSDATE(),null,null)
INSERT INTO publish(id, promotion_id,publish_date,cancel_publish_date,reason_cancel_publish_promo_id)VALUES(3, 17,SYSDATE(),null,null)
INSERT INTO publish(id, promotion_id,publish_date,cancel_publish_date,reason_cancel_publish_promo_id)VALUES(4, 18,SYSDATE(),null,null)
INSERT INTO publish(id, promotion_id,publish_date,cancel_publish_date,reason_cancel_publish_promo_id)VALUES(5, 19,SYSDATE(),null,null)
INSERT INTO publish(id, promotion_id,publish_date,cancel_publish_date,reason_cancel_publish_promo_id)VALUES(6, 20,SYSDATE(),null,null)
INSERT INTO publish(id, promotion_id,publish_date,cancel_publish_date,reason_cancel_publish_promo_id)VALUES(7, 21,SYSDATE(),null,null)
INSERT INTO publish(id, promotion_id,publish_date,cancel_publish_date,reason_cancel_publish_promo_id)VALUES(8, 22,SYSDATE(),null,null)
INSERT INTO publish(id, promotion_id,publish_date,cancel_publish_date,reason_cancel_publish_promo_id)VALUES(9, 23,SYSDATE(),null,null)
INSERT INTO publish(id, promotion_id,publish_date,cancel_publish_date,reason_cancel_publish_promo_id)VALUES(10, 24,SYSDATE(),null,null)
INSERT INTO publish(id, promotion_id,publish_date,cancel_publish_date,reason_cancel_publish_promo_id)VALUES(11, 25,SYSDATE(),null,null)
INSERT INTO publish(id, promotion_id,publish_date,cancel_publish_date,reason_cancel_publish_promo_id)VALUES(12, 26,SYSDATE(),null,null)
INSERT INTO publish(id, promotion_id,publish_date,cancel_publish_date,reason_cancel_publish_promo_id)VALUES(13, 27,SYSDATE(),null,null)
INSERT INTO publish(id, promotion_id,publish_date,cancel_publish_date,reason_cancel_publish_promo_id)VALUES(14, 28,SYSDATE(),null,null)
INSERT INTO publish(id, promotion_id,publish_date,cancel_publish_date,reason_cancel_publish_promo_id)VALUES(15, 29,SYSDATE(),null,null)
INSERT INTO publish(id, promotion_id,publish_date,cancel_publish_date,reason_cancel_publish_promo_id)VALUES(16,166,SYSDATE(),null,null)
INSERT INTO publish(id, promotion_id,publish_date,cancel_publish_date,reason_cancel_publish_promo_id)VALUES(17,167,SYSDATE(),null,null)
INSERT INTO publish(id, promotion_id,publish_date,cancel_publish_date,reason_cancel_publish_promo_id)VALUES(18,168,SYSDATE(),null,null)
INSERT INTO publish(id, promotion_id,publish_date,cancel_publish_date,reason_cancel_publish_promo_id)VALUES(19,169,SYSDATE(),null,null)
INSERT INTO publish(id, promotion_id,publish_date,cancel_publish_date,reason_cancel_publish_promo_id)VALUES(20,170,SYSDATE(),null,null)
INSERT INTO publish(id, promotion_id,publish_date,cancel_publish_date,reason_cancel_publish_promo_id)VALUES(21,171,SYSDATE(),null,null)
INSERT INTO publish(id, promotion_id,publish_date,cancel_publish_date,reason_cancel_publish_promo_id)VALUES(22,172,SYSDATE(),null,null)
INSERT INTO publish(id, promotion_id,publish_date,cancel_publish_date,reason_cancel_publish_promo_id)VALUES(23,173,SYSDATE(),null,null)
INSERT INTO publish(id, promotion_id,publish_date,cancel_publish_date,reason_cancel_publish_promo_id)VALUES(24,174,SYSDATE(),null,null)
INSERT INTO publish(id, promotion_id,publish_date,cancel_publish_date,reason_cancel_publish_promo_id)VALUES(25,175,SYSDATE(),null,null)
INSERT INTO publish(id, promotion_id,publish_date,cancel_publish_date,reason_cancel_publish_promo_id)VALUES(26,176,SYSDATE(),null,null)
INSERT INTO publish(id, promotion_id,publish_date,cancel_publish_date,reason_cancel_publish_promo_id)VALUES(27,177,SYSDATE(),null,null)
INSERT INTO publish(id, promotion_id,publish_date,cancel_publish_date,reason_cancel_publish_promo_id)VALUES(28,178,SYSDATE(),null,null)
INSERT INTO publish(id, promotion_id,publish_date,cancel_publish_date,reason_cancel_publish_promo_id)VALUES(29,179,SYSDATE(),null,null)
INSERT INTO publish(id, promotion_id,publish_date,cancel_publish_date,reason_cancel_publish_promo_id)VALUES(30,180,SYSDATE(),null,null)
INSERT INTO publish(id, promotion_id,publish_date,cancel_publish_date,reason_cancel_publish_promo_id)VALUES(31,181,SYSDATE(),null,null)
INSERT INTO publish(id, promotion_id,publish_date,cancel_publish_date,reason_cancel_publish_promo_id)VALUES(32,182,SYSDATE(),null,null)
INSERT INTO publish(id, promotion_id,publish_date,cancel_publish_date,reason_cancel_publish_promo_id)VALUES(33,183,SYSDATE(),null,null)
INSERT INTO publish(id, promotion_id,publish_date,cancel_publish_date,reason_cancel_publish_promo_id)VALUES(34,184,SYSDATE(),null,null)
INSERT INTO publish(id, promotion_id,publish_date,cancel_publish_date,reason_cancel_publish_promo_id)VALUES(35,185,SYSDATE(),null,null)
INSERT INTO publish(id, promotion_id,publish_date,cancel_publish_date,reason_cancel_publish_promo_id)VALUES(36,186,SYSDATE(),null,null)
INSERT INTO publish(id, promotion_id,publish_date,cancel_publish_date,reason_cancel_publish_promo_id)VALUES(37,187,SYSDATE(),null,null)
INSERT INTO publish(id, promotion_id,publish_date,cancel_publish_date,reason_cancel_publish_promo_id)VALUES(38,188,SYSDATE(),null,null)
INSERT INTO publish(id, promotion_id,publish_date,cancel_publish_date,reason_cancel_publish_promo_id)VALUES(39,189,SYSDATE(),null,null)
INSERT INTO publish(id, promotion_id,publish_date,cancel_publish_date,reason_cancel_publish_promo_id)VALUES(40,190,SYSDATE(),null,null)
INSERT INTO publish(id, promotion_id,publish_date,cancel_publish_date,reason_cancel_publish_promo_id)VALUES(41,191,SYSDATE(),null,null)
INSERT INTO publish(id, promotion_id,publish_date,cancel_publish_date,reason_cancel_publish_promo_id)VALUES(42,192,SYSDATE(),null,null)
INSERT INTO publish(id, promotion_id,publish_date,cancel_publish_date,reason_cancel_publish_promo_id)VALUES(43,193,SYSDATE(),null,null)
INSERT INTO publish(id, promotion_id,publish_date,cancel_publish_date,reason_cancel_publish_promo_id)VALUES(44,194,SYSDATE(),null,null)
INSERT INTO publish(id, promotion_id,publish_date,cancel_publish_date,reason_cancel_publish_promo_id)VALUES(45,195,SYSDATE(),null,null)
INSERT INTO publish(id, promotion_id,publish_date,cancel_publish_date,reason_cancel_publish_promo_id)VALUES(46,196,SYSDATE(),null,null)
INSERT INTO publish(id, promotion_id,publish_date,cancel_publish_date,reason_cancel_publish_promo_id)VALUES(47,197,SYSDATE(),null,null)
INSERT INTO publish(id, promotion_id,publish_date,cancel_publish_date,reason_cancel_publish_promo_id)VALUES(48,198,SYSDATE(),null,null)
INSERT INTO publish(id, promotion_id,publish_date,cancel_publish_date,reason_cancel_publish_promo_id)VALUES(49,199,SYSDATE(),null,null)
INSERT INTO publish(id, promotion_id,publish_date,cancel_publish_date,reason_cancel_publish_promo_id)VALUES(50,200,SYSDATE(),null,null)
INSERT INTO publish(id, promotion_id,publish_date,cancel_publish_date,reason_cancel_publish_promo_id)VALUES(51,201,SYSDATE(),null,null)
INSERT INTO publish(id, promotion_id,publish_date,cancel_publish_date,reason_cancel_publish_promo_id)VALUES(52,202,SYSDATE(),null,null)
INSERT INTO publish(id, promotion_id,publish_date,cancel_publish_date,reason_cancel_publish_promo_id)VALUES(53,203,SYSDATE(),null,null)
INSERT INTO publish(id, promotion_id,publish_date,cancel_publish_date,reason_cancel_publish_promo_id)VALUES(54,204,SYSDATE(),null,null)
INSERT INTO publish(id, promotion_id,publish_date,cancel_publish_date,reason_cancel_publish_promo_id)VALUES(55,205,SYSDATE(),null,null)
INSERT INTO publish(id, promotion_id,publish_date,cancel_publish_date,reason_cancel_publish_promo_id)VALUES(56,206,SYSDATE(),null,null)
INSERT INTO publish(id, promotion_id,publish_date,cancel_publish_date,reason_cancel_publish_promo_id)VALUES(57,207,SYSDATE(),null,null)
INSERT INTO publish(id, promotion_id,publish_date,cancel_publish_date,reason_cancel_publish_promo_id)VALUES(58,208,SYSDATE(),null,null)
INSERT INTO publish(id, promotion_id,publish_date,cancel_publish_date,reason_cancel_publish_promo_id)VALUES(59,209,SYSDATE(),null,null)
INSERT INTO publish(id, promotion_id,publish_date,cancel_publish_date,reason_cancel_publish_promo_id)VALUES(60,210,SYSDATE(),null,null)
INSERT INTO publish(id, promotion_id,publish_date,cancel_publish_date,reason_cancel_publish_promo_id)VALUES(61,211,SYSDATE(),null,null)
INSERT INTO publish(id, promotion_id,publish_date,cancel_publish_date,reason_cancel_publish_promo_id)VALUES(62,212,SYSDATE(),null,null)
INSERT INTO publish(id, promotion_id,publish_date,cancel_publish_date,reason_cancel_publish_promo_id)VALUES(63,213,SYSDATE(),null,null)
INSERT INTO publish(id, promotion_id,publish_date,cancel_publish_date,reason_cancel_publish_promo_id)VALUES(64,214,SYSDATE(),null,null)
INSERT INTO publish(id, promotion_id,publish_date,cancel_publish_date,reason_cancel_publish_promo_id)VALUES(65,215,SYSDATE(),null,null)
INSERT INTO publish(id, promotion_id,publish_date,cancel_publish_date,reason_cancel_publish_promo_id)VALUES(66,216,SYSDATE(),null,null)
INSERT INTO publish(id, promotion_id,publish_date,cancel_publish_date,reason_cancel_publish_promo_id)VALUES(67,217,SYSDATE(),null,null)
INSERT INTO publish(id, promotion_id,publish_date,cancel_publish_date,reason_cancel_publish_promo_id)VALUES(68,218,SYSDATE(),null,null)
INSERT INTO publish(id, promotion_id,publish_date,cancel_publish_date,reason_cancel_publish_promo_id)VALUES(69,219,SYSDATE(),null,null)
INSERT INTO publish(id, promotion_id,publish_date,cancel_publish_date,reason_cancel_publish_promo_id)VALUES(70,220,SYSDATE(),null,null)
INSERT INTO publish(id, promotion_id,publish_date,cancel_publish_date,reason_cancel_publish_promo_id)VALUES(71,221,SYSDATE(),null,null)
INSERT INTO publish(id, promotion_id,publish_date,cancel_publish_date,reason_cancel_publish_promo_id)VALUES(72,222,SYSDATE(),null,null)
INSERT INTO publish(id, promotion_id,publish_date,cancel_publish_date,reason_cancel_publish_promo_id)VALUES(73,223,SYSDATE(),null,null)
INSERT INTO publish(id, promotion_id,publish_date,cancel_publish_date,reason_cancel_publish_promo_id)VALUES(74,224,SYSDATE(),null,null)
INSERT INTO publish(id, promotion_id,publish_date,cancel_publish_date,reason_cancel_publish_promo_id)VALUES(75,225,SYSDATE(),null,null)
INSERT INTO publish(id, promotion_id,publish_date,cancel_publish_date,reason_cancel_publish_promo_id)VALUES(76,226,SYSDATE(),null,null)
INSERT INTO publish(id, promotion_id,publish_date,cancel_publish_date,reason_cancel_publish_promo_id)VALUES(77,227,SYSDATE(),null,null)
INSERT INTO publish(id, promotion_id,publish_date,cancel_publish_date,reason_cancel_publish_promo_id)VALUES(78,228,SYSDATE(),null,null)
INSERT INTO publish(id, promotion_id,publish_date,cancel_publish_date,reason_cancel_publish_promo_id)VALUES(79,229,SYSDATE(),null,null)
INSERT INTO publish(id, promotion_id,publish_date,cancel_publish_date,reason_cancel_publish_promo_id)VALUES(80,230,SYSDATE(),null,null)
INSERT INTO publish(id, promotion_id,publish_date,cancel_publish_date,reason_cancel_publish_promo_id)VALUES(81,231,SYSDATE(),null,null)
INSERT INTO publish(id, promotion_id,publish_date,cancel_publish_date,reason_cancel_publish_promo_id)VALUES(82,232,SYSDATE(),null,null)
INSERT INTO publish(id, promotion_id,publish_date,cancel_publish_date,reason_cancel_publish_promo_id)VALUES(83,233,SYSDATE(),null,null)
INSERT INTO publish(id, promotion_id,publish_date,cancel_publish_date,reason_cancel_publish_promo_id)VALUES(84,234,SYSDATE(),null,null)
INSERT INTO publish(id, promotion_id,publish_date,cancel_publish_date,reason_cancel_publish_promo_id)VALUES(85,235,SYSDATE(),null,null)
INSERT INTO publish(id, promotion_id,publish_date,cancel_publish_date,reason_cancel_publish_promo_id)VALUES(86,236,SYSDATE(),null,null)
INSERT INTO publish(id, promotion_id,publish_date,cancel_publish_date,reason_cancel_publish_promo_id)VALUES(87,237,SYSDATE(),null,null)
INSERT INTO publish(id, promotion_id,publish_date,cancel_publish_date,reason_cancel_publish_promo_id)VALUES(88,238,SYSDATE(),null,null)
INSERT INTO publish(id, promotion_id,publish_date,cancel_publish_date,reason_cancel_publish_promo_id)VALUES(89,239,SYSDATE(),null,null)
INSERT INTO publish(id, promotion_id,publish_date,cancel_publish_date,reason_cancel_publish_promo_id)VALUES(90,240,SYSDATE(),null,null)
INSERT INTO publish(id, promotion_id,publish_date,cancel_publish_date,reason_cancel_publish_promo_id)VALUES(91,241,SYSDATE(),null,null)
INSERT INTO publish(id, promotion_id,publish_date,cancel_publish_date,reason_cancel_publish_promo_id)VALUES(92,242,SYSDATE(),null,null)
INSERT INTO publish(id, promotion_id,publish_date,cancel_publish_date,reason_cancel_publish_promo_id)VALUES(93,243,SYSDATE(),null,null)
INSERT INTO publish(id, promotion_id,publish_date,cancel_publish_date,reason_cancel_publish_promo_id)VALUES(94,244,SYSDATE(),null,null)
INSERT INTO publish(id, promotion_id,publish_date,cancel_publish_date,reason_cancel_publish_promo_id)VALUES(95,245,SYSDATE(),null,null)
INSERT INTO publish(id, promotion_id,publish_date,cancel_publish_date,reason_cancel_publish_promo_id)VALUES(96,246,SYSDATE(),null,null)
INSERT INTO publish(id, promotion_id,publish_date,cancel_publish_date,reason_cancel_publish_promo_id)VALUES(97,247,SYSDATE(),null,null)
INSERT INTO publish(id, promotion_id,publish_date,cancel_publish_date,reason_cancel_publish_promo_id)VALUES(98,248,SYSDATE(),null,null)
INSERT INTO publish(id, promotion_id,publish_date,cancel_publish_date,reason_cancel_publish_promo_id)VALUES(99,249,SYSDATE(),null,null)
INSERT INTO publish(id, promotion_id,publish_date,cancel_publish_date,reason_cancel_publish_promo_id)VALUES(100,250,SYSDATE(),null,null)
INSERT INTO publish(id, promotion_id,publish_date,cancel_publish_date,reason_cancel_publish_promo_id)VALUES(101,251,SYSDATE(),null,null)
INSERT INTO publish(id, promotion_id,publish_date,cancel_publish_date,reason_cancel_publish_promo_id)VALUES(102,252,SYSDATE(),null,null)
INSERT INTO publish(id, promotion_id,publish_date,cancel_publish_date,reason_cancel_publish_promo_id)VALUES(103,253,SYSDATE(),null,null)
INSERT INTO publish(id, promotion_id,publish_date,cancel_publish_date,reason_cancel_publish_promo_id)VALUES(104,254,SYSDATE(),null,null)
INSERT INTO publish(id, promotion_id,publish_date,cancel_publish_date,reason_cancel_publish_promo_id)VALUES(105,255,SYSDATE(),null,null)
INSERT INTO publish(id, promotion_id,publish_date,cancel_publish_date,reason_cancel_publish_promo_id)VALUES(106,256,SYSDATE(),null,null)
INSERT INTO publish(id, promotion_id,publish_date,cancel_publish_date,reason_cancel_publish_promo_id)VALUES(107,257,SYSDATE(),null,null)
INSERT INTO publish(id, promotion_id,publish_date,cancel_publish_date,reason_cancel_publish_promo_id)VALUES(108,258,SYSDATE(),null,null)
INSERT INTO publish(id, promotion_id,publish_date,cancel_publish_date,reason_cancel_publish_promo_id)VALUES(109,259,SYSDATE(),null,null)
INSERT INTO publish(id, promotion_id,publish_date,cancel_publish_date,reason_cancel_publish_promo_id)VALUES(110,260,SYSDATE(),null,null)
INSERT INTO publish(id, promotion_id,publish_date,cancel_publish_date,reason_cancel_publish_promo_id)VALUES(111,261,SYSDATE(),null,null)
INSERT INTO publish(id, promotion_id,publish_date,cancel_publish_date,reason_cancel_publish_promo_id)VALUES(112,262,SYSDATE(),null,null)
INSERT INTO publish(id, promotion_id,publish_date,cancel_publish_date,reason_cancel_publish_promo_id)VALUES(113,263,SYSDATE(),null,null)
INSERT INTO publish(id, promotion_id,publish_date,cancel_publish_date,reason_cancel_publish_promo_id)VALUES(114,264,SYSDATE(),null,null)
INSERT INTO publish(id, promotion_id,publish_date,cancel_publish_date,reason_cancel_publish_promo_id)VALUES(115,265,SYSDATE(),null,null)
INSERT INTO publish(id, promotion_id,publish_date,cancel_publish_date,reason_cancel_publish_promo_id)VALUES(116,266,SYSDATE(),null,null)
INSERT INTO publish(id, promotion_id,publish_date,cancel_publish_date,reason_cancel_publish_promo_id)VALUES(117,267,SYSDATE(),null,null)
INSERT INTO publish(id, promotion_id,publish_date,cancel_publish_date,reason_cancel_publish_promo_id)VALUES(118,268,SYSDATE(),null,null)
INSERT INTO publish(id, promotion_id,publish_date,cancel_publish_date,reason_cancel_publish_promo_id)VALUES(119,269,SYSDATE(),null,null)
INSERT INTO publish(id, promotion_id,publish_date,cancel_publish_date,reason_cancel_publish_promo_id)VALUES(120,270,SYSDATE(),null,null)
INSERT INTO publish(id, promotion_id,publish_date,cancel_publish_date,reason_cancel_publish_promo_id)VALUES(121,271,SYSDATE(),null,null)
INSERT INTO publish(id, promotion_id,publish_date,cancel_publish_date,reason_cancel_publish_promo_id)VALUES(122,272,SYSDATE(),null,null)
INSERT INTO publish(id, promotion_id,publish_date,cancel_publish_date,reason_cancel_publish_promo_id)VALUES(123,273,SYSDATE(),null,null)
INSERT INTO publish(id, promotion_id,publish_date,cancel_publish_date,reason_cancel_publish_promo_id)VALUES(124,274,SYSDATE(),null,null)
INSERT INTO publish(id, promotion_id,publish_date,cancel_publish_date,reason_cancel_publish_promo_id)VALUES(125,275,SYSDATE(),null,null)
INSERT INTO publish(id, promotion_id,publish_date,cancel_publish_date,reason_cancel_publish_promo_id)VALUES(126,276,SYSDATE(),null,null)
INSERT INTO publish(id, promotion_id,publish_date,cancel_publish_date,reason_cancel_publish_promo_id)VALUES(127,277,SYSDATE(),null,null)
INSERT INTO publish(id, promotion_id,publish_date,cancel_publish_date,reason_cancel_publish_promo_id)VALUES(128,278,SYSDATE(),null,null)
INSERT INTO publish(id, promotion_id,publish_date,cancel_publish_date,reason_cancel_publish_promo_id)VALUES(129,279,SYSDATE(),null,null)
INSERT INTO publish(id, promotion_id,publish_date,cancel_publish_date,reason_cancel_publish_promo_id)VALUES(130,280,SYSDATE(),null,null)
INSERT INTO publish(id, promotion_id,publish_date,cancel_publish_date,reason_cancel_publish_promo_id)VALUES(131,281,SYSDATE(),null,null)
INSERT INTO publish(id, promotion_id,publish_date,cancel_publish_date,reason_cancel_publish_promo_id)VALUES(132,282,SYSDATE(),null,null)
INSERT INTO publish(id, promotion_id,publish_date,cancel_publish_date,reason_cancel_publish_promo_id)VALUES(133,283,SYSDATE(),null,null)
INSERT INTO publish(id, promotion_id,publish_date,cancel_publish_date,reason_cancel_publish_promo_id)VALUES(134,284,SYSDATE(),null,null)
INSERT INTO publish(id, promotion_id,publish_date,cancel_publish_date,reason_cancel_publish_promo_id)VALUES(135,285,SYSDATE(),null,null)
INSERT INTO publish(id, promotion_id,publish_date,cancel_publish_date,reason_cancel_publish_promo_id)VALUES(136,286,SYSDATE(),null,null)
INSERT INTO publish(id, promotion_id,publish_date,cancel_publish_date,reason_cancel_publish_promo_id)VALUES(137,287,SYSDATE(),null,null)
INSERT INTO publish(id, promotion_id,publish_date,cancel_publish_date,reason_cancel_publish_promo_id)VALUES(138,288,SYSDATE(),null,null)
INSERT INTO publish(id, promotion_id,publish_date,cancel_publish_date,reason_cancel_publish_promo_id)VALUES(139,289,SYSDATE(),null,null)
INSERT INTO publish(id, promotion_id,publish_date,cancel_publish_date,reason_cancel_publish_promo_id)VALUES(140,290,SYSDATE(),null,null)
INSERT INTO publish(id, promotion_id,publish_date,cancel_publish_date,reason_cancel_publish_promo_id)VALUES(141,291,SYSDATE(),null,null)
INSERT INTO publish(id, promotion_id,publish_date,cancel_publish_date,reason_cancel_publish_promo_id)VALUES(142,292,SYSDATE(),null,null)
INSERT INTO publish(id, promotion_id,publish_date,cancel_publish_date,reason_cancel_publish_promo_id)VALUES(143,293,SYSDATE(),null,null)
INSERT INTO publish(id, promotion_id,publish_date,cancel_publish_date,reason_cancel_publish_promo_id)VALUES(144,294,SYSDATE(),null,null)
INSERT INTO publish(id, promotion_id,publish_date,cancel_publish_date,reason_cancel_publish_promo_id)VALUES(145,295,SYSDATE(),null,null)
INSERT INTO publish(id, promotion_id,publish_date,cancel_publish_date,reason_cancel_publish_promo_id)VALUES(146,296,SYSDATE(),null,null)
INSERT INTO publish(id, promotion_id,publish_date,cancel_publish_date,reason_cancel_publish_promo_id)VALUES(147,297,SYSDATE(),null,null)
INSERT INTO publish(id, promotion_id,publish_date,cancel_publish_date,reason_cancel_publish_promo_id)VALUES(148,298,SYSDATE(),null,null)
INSERT INTO publish(id, promotion_id,publish_date,cancel_publish_date,reason_cancel_publish_promo_id)VALUES(149,299,SYSDATE(),null,null)
INSERT INTO publish(id, promotion_id,publish_date,cancel_publish_date,reason_cancel_publish_promo_id)VALUES(150,300,SYSDATE(),null,null)

INSERT INTO reason_cancel_publish_promotion(id,name)VALUES(1,'La description ne correspond pas à la promotion')
INSERT INTO reason_cancel_publish_promotion(id,name)VALUES(2,'Je ne souhaite plus faire profiter de la promotion')
INSERT INTO reason_cancel_publish_promotion(id,name)VALUES(3,'Erreur sur la saisir d''ajout d''une promotion')
INSERT INTO reason_cancel_publish_promotion(id,name)VALUES(4,'La durée ne correspond pas à mes souhaits')

INSERT INTO promotion_shop(promotion_id,shop_id)VALUES(15,1)
INSERT INTO promotion_shop(promotion_id,shop_id)VALUES(16,1)
INSERT INTO promotion_shop(promotion_id,shop_id)VALUES(17,2)
INSERT INTO promotion_shop(promotion_id,shop_id)VALUES(18,2)
INSERT INTO promotion_shop(promotion_id,shop_id)VALUES(19,2)
INSERT INTO promotion_shop(promotion_id,shop_id)VALUES(20,2)
INSERT INTO promotion_shop(promotion_id,shop_id)VALUES(21,3)
INSERT INTO promotion_shop(promotion_id,shop_id)VALUES(22,3)
INSERT INTO promotion_shop(promotion_id,shop_id)VALUES(23,3)
INSERT INTO promotion_shop(promotion_id,shop_id)VALUES(24,4)
INSERT INTO promotion_shop(promotion_id,shop_id)VALUES(25,5)
INSERT INTO promotion_shop(promotion_id,shop_id)VALUES(26,5)
INSERT INTO promotion_shop(promotion_id,shop_id)VALUES(27,1)
INSERT INTO promotion_shop(promotion_id,shop_id)VALUES(28,1)
INSERT INTO promotion_shop(promotion_id,shop_id)VALUES(29,1)
INSERT INTO promotion_shop(promotion_id,shop_id)VALUES(166,1)
INSERT INTO promotion_shop(promotion_id,shop_id)VALUES(167,2)
INSERT INTO promotion_shop(promotion_id,shop_id)VALUES(168,1)
INSERT INTO promotion_shop(promotion_id,shop_id)VALUES(169,2)
INSERT INTO promotion_shop(promotion_id,shop_id)VALUES(170,1)
INSERT INTO promotion_shop(promotion_id,shop_id)VALUES(171,2)
INSERT INTO promotion_shop(promotion_id,shop_id)VALUES(172,2)
INSERT INTO promotion_shop(promotion_id,shop_id)VALUES(173,2)
INSERT INTO promotion_shop(promotion_id,shop_id)VALUES(174,1)
INSERT INTO promotion_shop(promotion_id,shop_id)VALUES(175,1)
INSERT INTO promotion_shop(promotion_id,shop_id)VALUES(176,1)
INSERT INTO promotion_shop(promotion_id,shop_id)VALUES(177,2)
INSERT INTO promotion_shop(promotion_id,shop_id)VALUES(178,1)
INSERT INTO promotion_shop(promotion_id,shop_id)VALUES(179,2)
INSERT INTO promotion_shop(promotion_id,shop_id)VALUES(180,1)
INSERT INTO promotion_shop(promotion_id,shop_id)VALUES(181,2)
INSERT INTO promotion_shop(promotion_id,shop_id)VALUES(182,2)
INSERT INTO promotion_shop(promotion_id,shop_id)VALUES(183,2)
INSERT INTO promotion_shop(promotion_id,shop_id)VALUES(184,1)
INSERT INTO promotion_shop(promotion_id,shop_id)VALUES(185,1)
INSERT INTO promotion_shop(promotion_id,shop_id)VALUES(186,1)
INSERT INTO promotion_shop(promotion_id,shop_id)VALUES(187,2)
INSERT INTO promotion_shop(promotion_id,shop_id)VALUES(188,1)
INSERT INTO promotion_shop(promotion_id,shop_id)VALUES(189,2)
INSERT INTO promotion_shop(promotion_id,shop_id)VALUES(190,1)
INSERT INTO promotion_shop(promotion_id,shop_id)VALUES(191,2)
INSERT INTO promotion_shop(promotion_id,shop_id)VALUES(192,2)
INSERT INTO promotion_shop(promotion_id,shop_id)VALUES(193,2)
INSERT INTO promotion_shop(promotion_id,shop_id)VALUES(194,1)
INSERT INTO promotion_shop(promotion_id,shop_id)VALUES(195,1)
INSERT INTO promotion_shop(promotion_id,shop_id)VALUES(196,1)
INSERT INTO promotion_shop(promotion_id,shop_id)VALUES(197,2)
INSERT INTO promotion_shop(promotion_id,shop_id)VALUES(198,1)
INSERT INTO promotion_shop(promotion_id,shop_id)VALUES(199,2)
INSERT INTO promotion_shop(promotion_id,shop_id)VALUES(200,1)
INSERT INTO promotion_shop(promotion_id,shop_id)VALUES(201,2)
INSERT INTO promotion_shop(promotion_id,shop_id)VALUES(202,2)
INSERT INTO promotion_shop(promotion_id,shop_id)VALUES(203,2)
INSERT INTO promotion_shop(promotion_id,shop_id)VALUES(204,1)
INSERT INTO promotion_shop(promotion_id,shop_id)VALUES(205,1)
INSERT INTO promotion_shop(promotion_id,shop_id)VALUES(206,1)
INSERT INTO promotion_shop(promotion_id,shop_id)VALUES(207,2)
INSERT INTO promotion_shop(promotion_id,shop_id)VALUES(208,1)
INSERT INTO promotion_shop(promotion_id,shop_id)VALUES(209,2)
INSERT INTO promotion_shop(promotion_id,shop_id)VALUES(210,1)
INSERT INTO promotion_shop(promotion_id,shop_id)VALUES(211,2)
INSERT INTO promotion_shop(promotion_id,shop_id)VALUES(212,2)
INSERT INTO promotion_shop(promotion_id,shop_id)VALUES(213,2)
INSERT INTO promotion_shop(promotion_id,shop_id)VALUES(214,1)
INSERT INTO promotion_shop(promotion_id,shop_id)VALUES(215,1)
INSERT INTO promotion_shop(promotion_id,shop_id)VALUES(216,1)
INSERT INTO promotion_shop(promotion_id,shop_id)VALUES(217,2)
INSERT INTO promotion_shop(promotion_id,shop_id)VALUES(218,1)
INSERT INTO promotion_shop(promotion_id,shop_id)VALUES(219,2)
INSERT INTO promotion_shop(promotion_id,shop_id)VALUES(220,1)
INSERT INTO promotion_shop(promotion_id,shop_id)VALUES(221,2)
INSERT INTO promotion_shop(promotion_id,shop_id)VALUES(222,2)
INSERT INTO promotion_shop(promotion_id,shop_id)VALUES(223,2)
INSERT INTO promotion_shop(promotion_id,shop_id)VALUES(224,1)
INSERT INTO promotion_shop(promotion_id,shop_id)VALUES(225,1)
INSERT INTO promotion_shop(promotion_id,shop_id)VALUES(226,1)
INSERT INTO promotion_shop(promotion_id,shop_id)VALUES(227,2)
INSERT INTO promotion_shop(promotion_id,shop_id)VALUES(228,1)
INSERT INTO promotion_shop(promotion_id,shop_id)VALUES(229,2)
INSERT INTO promotion_shop(promotion_id,shop_id)VALUES(230,1)
INSERT INTO promotion_shop(promotion_id,shop_id)VALUES(231,2)
INSERT INTO promotion_shop(promotion_id,shop_id)VALUES(232,2)
INSERT INTO promotion_shop(promotion_id,shop_id)VALUES(233,2)
INSERT INTO promotion_shop(promotion_id,shop_id)VALUES(234,1)
INSERT INTO promotion_shop(promotion_id,shop_id)VALUES(235,1)
INSERT INTO promotion_shop(promotion_id,shop_id)VALUES(236,1)
INSERT INTO promotion_shop(promotion_id,shop_id)VALUES(237,2)
INSERT INTO promotion_shop(promotion_id,shop_id)VALUES(238,1)
INSERT INTO promotion_shop(promotion_id,shop_id)VALUES(239,2)
INSERT INTO promotion_shop(promotion_id,shop_id)VALUES(240,1)
INSERT INTO promotion_shop(promotion_id,shop_id)VALUES(241,2)
INSERT INTO promotion_shop(promotion_id,shop_id)VALUES(242,2)
INSERT INTO promotion_shop(promotion_id,shop_id)VALUES(243,2)
INSERT INTO promotion_shop(promotion_id,shop_id)VALUES(244,1)
INSERT INTO promotion_shop(promotion_id,shop_id)VALUES(245,1)
INSERT INTO promotion_shop(promotion_id,shop_id)VALUES(246,1)
INSERT INTO promotion_shop(promotion_id,shop_id)VALUES(247,2)
INSERT INTO promotion_shop(promotion_id,shop_id)VALUES(248,1)
INSERT INTO promotion_shop(promotion_id,shop_id)VALUES(249,2)
INSERT INTO promotion_shop(promotion_id,shop_id)VALUES(250,1)
INSERT INTO promotion_shop(promotion_id,shop_id)VALUES(251,2)
INSERT INTO promotion_shop(promotion_id,shop_id)VALUES(252,2)
INSERT INTO promotion_shop(promotion_id,shop_id)VALUES(253,2)
INSERT INTO promotion_shop(promotion_id,shop_id)VALUES(254,1)
INSERT INTO promotion_shop(promotion_id,shop_id)VALUES(255,1)
INSERT INTO promotion_shop(promotion_id,shop_id)VALUES(256,1)
INSERT INTO promotion_shop(promotion_id,shop_id)VALUES(257,2)
INSERT INTO promotion_shop(promotion_id,shop_id)VALUES(258,1)
INSERT INTO promotion_shop(promotion_id,shop_id)VALUES(259,2)
INSERT INTO promotion_shop(promotion_id,shop_id)VALUES(260,1)
INSERT INTO promotion_shop(promotion_id,shop_id)VALUES(261,2)
INSERT INTO promotion_shop(promotion_id,shop_id)VALUES(262,2)
INSERT INTO promotion_shop(promotion_id,shop_id)VALUES(263,2)
INSERT INTO promotion_shop(promotion_id,shop_id)VALUES(264,1)
INSERT INTO promotion_shop(promotion_id,shop_id)VALUES(265,1)
INSERT INTO promotion_shop(promotion_id,shop_id)VALUES(266,1)
INSERT INTO promotion_shop(promotion_id,shop_id)VALUES(267,2)
INSERT INTO promotion_shop(promotion_id,shop_id)VALUES(268,1)
INSERT INTO promotion_shop(promotion_id,shop_id)VALUES(269,2)
INSERT INTO promotion_shop(promotion_id,shop_id)VALUES(270,1)
INSERT INTO promotion_shop(promotion_id,shop_id)VALUES(271,2)
INSERT INTO promotion_shop(promotion_id,shop_id)VALUES(272,2)
INSERT INTO promotion_shop(promotion_id,shop_id)VALUES(273,2)
INSERT INTO promotion_shop(promotion_id,shop_id)VALUES(274,1)
INSERT INTO promotion_shop(promotion_id,shop_id)VALUES(275,1)
INSERT INTO promotion_shop(promotion_id,shop_id)VALUES(276,1)
INSERT INTO promotion_shop(promotion_id,shop_id)VALUES(277,2)
INSERT INTO promotion_shop(promotion_id,shop_id)VALUES(278,1)
INSERT INTO promotion_shop(promotion_id,shop_id)VALUES(279,2)
INSERT INTO promotion_shop(promotion_id,shop_id)VALUES(280,1)
INSERT INTO promotion_shop(promotion_id,shop_id)VALUES(281,2)
INSERT INTO promotion_shop(promotion_id,shop_id)VALUES(282,2)
INSERT INTO promotion_shop(promotion_id,shop_id)VALUES(283,2)
INSERT INTO promotion_shop(promotion_id,shop_id)VALUES(284,1)
INSERT INTO promotion_shop(promotion_id,shop_id)VALUES(285,1)
INSERT INTO promotion_shop(promotion_id,shop_id)VALUES(286,1)
INSERT INTO promotion_shop(promotion_id,shop_id)VALUES(287,2)
INSERT INTO promotion_shop(promotion_id,shop_id)VALUES(288,1)
INSERT INTO promotion_shop(promotion_id,shop_id)VALUES(289,2)
INSERT INTO promotion_shop(promotion_id,shop_id)VALUES(290,1)
INSERT INTO promotion_shop(promotion_id,shop_id)VALUES(291,2)
INSERT INTO promotion_shop(promotion_id,shop_id)VALUES(292,2)
INSERT INTO promotion_shop(promotion_id,shop_id)VALUES(293,2)
INSERT INTO promotion_shop(promotion_id,shop_id)VALUES(294,1)
INSERT INTO promotion_shop(promotion_id,shop_id)VALUES(295,1)
INSERT INTO promotion_shop(promotion_id,shop_id)VALUES(296,1)
INSERT INTO promotion_shop(promotion_id,shop_id)VALUES(297,2)
INSERT INTO promotion_shop(promotion_id,shop_id)VALUES(298,1)
INSERT INTO promotion_shop(promotion_id,shop_id)VALUES(299,2)
INSERT INTO promotion_shop(promotion_id,shop_id)VALUES(300,1)

INSERT INTO following_element_data(id, element_type, element_id, subscriber_type, subscriber_id, follow_start_date) VALUES (1, 'SHOP', 2, 'CLIENT', 1, sysdate())
INSERT INTO following_element_data(id, element_type, element_id, subscriber_type, subscriber_id, follow_start_date) VALUES (2, 'CATEGORY', 1, 'CLIENT', 1, sysdate())

INSERT INTO reservation(id,client_id,creation_date,withdrawal_code)VALUES(1,1,SYSDATE(),'456789')
INSERT INTO reservation(id,client_id,creation_date,withdrawal_code)VALUES(2,1,SYSDATE(),'soleil')
INSERT INTO reservation(id,client_id,creation_date,withdrawal_code)VALUES(3,2,SYSDATE(),'toto')

INSERT INTO reservation_product(id,promotion_id,quantity_requested,withdrawal_date)VALUES(1,15,10,null)
INSERT INTO reservation_product(id,promotion_id,quantity_requested,withdrawal_date, quantity_withdrawal)VALUES(2,15,5,SYSDATE(), 5)
INSERT INTO reservation_product(id,promotion_id,quantity_requested,withdrawal_date)VALUES(3,16,1,null)

INSERT INTO evaluation(id,date_creation,note_product,overall_rating)VALUES(1,null,null,null)
INSERT INTO evaluation(id,date_creation,note_product,overall_rating)VALUES(2,sysdate(),3,4)
INSERT INTO evaluation(id,date_creation,note_product,overall_rating)VALUES(3,null,null,null)